,URL,Style,Colour,Gender,Age
0,https://shop.iskandar.ml/IMAGES/fashion_1.jpg,"['Sexy', 'Elegant', '90s']","['Yellow', 'Grey']",Female,Unknown
1,https://shop.iskandar.ml/IMAGES/fashion_2.jpg,"['Sexy', 'Elegant', 'Business']","['Brown', 'Brown', 'Grey']",Female,Unknown
2,https://shop.iskandar.ml/IMAGES/fashion_3.jpg,"['Sexy', '90s', 'Outdoor']","['Blue', 'Grey', 'Grey']",Female,Unknown
3,https://shop.iskandar.ml/IMAGES/fashion_4.jpg,"['Sexy', '90s', 'Elegant']","['Black', 'Grey', 'Brown']",Female,Unknown
4,https://shop.iskandar.ml/IMAGES/fashion_5.jpg,"['Sexy', 'Elegant', '90s']","['Brown', 'Brown', 'Brown']",Female,Unknown
5,https://shop.iskandar.ml/IMAGES/fashion_6.jpg,"['Sexy', 'Elegant', '90s']",['Black'],Female,Unknown
6,https://shop.iskandar.ml/IMAGES/fashion_7.jpg,"['Sexy', '90s', 'Elegant']",['Red'],Female,Unknown
7,https://shop.iskandar.ml/IMAGES/fashion_8.jpg,"['Romantic', 'Vintage', 'Elegant']","['Brown', 'Yellow', 'Grey']",Female,Unknown
8,https://shop.iskandar.ml/IMAGES/fashion_9.jpg,"['Sexy', 'Elegant', 'Outdoor']","['Grey', 'Blue', 'Brown']",Female,27
9,https://shop.iskandar.ml/IMAGES/fashion_10.jpg,"['Sexy', 'Elegant', 'Business']","['Brown', 'Red', 'Brown']",Female,23
10,https://shop.iskandar.ml/IMAGES/fashion_11.jpg,"['Sexy', 'Elegant', 'Outdoor']","['Magenta', 'Brown']",Female,25
11,https://shop.iskandar.ml/IMAGES/fashion_12.jpg,"['Sexy', 'Elegant', 'Romantic']","['Brown', 'White', 'Grey']",Female,Unknown
12,https://shop.iskandar.ml/IMAGES/fashion_13.jpg,"['Sexy', 'Casual', 'Elegant']","['Brown', 'Brown']",Female,Unknown
13,https://shop.iskandar.ml/IMAGES/fashion_14.jpg,"['Sexy', '90s', 'Elegant']","['Grey', 'Grey', 'Grey']",Female,Unknown
14,https://shop.iskandar.ml/IMAGES/fashion_15.jpg,"['Sexy', 'Elegant', 'Outdoor']","['Red', 'Magenta', 'Brown']",Female,Unknown
15,https://shop.iskandar.ml/IMAGES/fashion_16.jpg,"['Sexy', '90s', 'Business']","['Magenta', 'Magenta']",Female,Unknown
16,https://shop.iskandar.ml/IMAGES/fashion_17.jpg,"['Elegant', 'Sexy', 'Business']","['Black', 'Grey']",Female,23
17,https://shop.iskandar.ml/IMAGES/fashion_18.jpg,"['Sexy', '90s', 'Elegant']","['Black', 'Black']",Female,Unknown
18,https://shop.iskandar.ml/IMAGES/fashion_19.jpg,"['Sexy', 'Elegant', 'Outdoor']","['Brown', 'Blue', 'Blue']",Female,22
19,https://shop.iskandar.ml/IMAGES/fashion_20.jpg,"['Sexy', 'Elegant', 'Romantic']","['Black', 'Brown', 'Brown']",Female,24
20,https://shop.iskandar.ml/IMAGES/fashion_21.jpg,"['90s', 'Vintage', 'Casual']","['Brown', 'Brown']",Female,Unknown
21,https://shop.iskandar.ml/IMAGES/fashion_22.jpg,['Unknown'],['Unknown'],Female,Unknown
22,https://shop.iskandar.ml/IMAGES/fashion_23.jpg,"['Denim', 'Sexy', 'Business']","['Grey', 'Grey', 'White']",Female,29
23,https://shop.iskandar.ml/IMAGES/fashion_24.jpg,"['Bohemian', 'Elegant', 'Romantic']","['Brown', 'Brown', 'Brown', 'Brown']",Female,Unknown
24,https://shop.iskandar.ml/IMAGES/fashion_25.jpg,"['Denim', '90s', 'Casual']","['Grey', 'Grey', 'Grey']",Female,Unknown
25,https://shop.iskandar.ml/IMAGES/fashion_26.jpg,"['Elegant', 'Sexy', 'Vintage']","['Brown', 'Red']",Female,Unknown
26,https://shop.iskandar.ml/IMAGES/fashion_27.jpg,"['Vintage', 'Romantic', 'Elegant']","['Black', 'Brown', 'Brown']",Female,19
27,https://shop.iskandar.ml/IMAGES/fashion_28.jpg,"['Elegant', 'Sexy', 'Romantic']","['Black', 'White']",Female,21
28,https://shop.iskandar.ml/IMAGES/fashion_29.jpg,"['Sexy', 'Elegant', '90s']","['Brown', 'Black', 'Black']",Female,Unknown
29,https://shop.iskandar.ml/IMAGES/fashion_30.jpg,"['Elegant', 'Business', 'Sexy']","['Black', 'Brown', 'Black']",Female,Unknown
30,https://shop.iskandar.ml/IMAGES/fashion_31.jpg,"['Sexy', 'Vintage', 'Elegant']","['Brown', 'Blue', 'Brown', 'Grey']",Female,32
31,https://shop.iskandar.ml/IMAGES/fashion_32.jpg,"['Outdoor', 'Denim', 'Casual']","['Black', 'Red']",Female,22
32,https://shop.iskandar.ml/IMAGES/fashion_33.jpg,"['Sexy', 'Elegant', 'Romantic']","['Brown', 'Blue', 'Magenta', 'Blue']",Female,31
33,https://shop.iskandar.ml/IMAGES/fashion_34.jpg,"['Sexy', 'Elegant', 'Outdoor']","['Magenta', 'Magenta']",Female,Unknown
34,https://shop.iskandar.ml/IMAGES/fashion_35.jpg,"['Sexy', 'Elegant', 'Romantic']","['White', 'Brown']",Female,24
35,https://shop.iskandar.ml/IMAGES/fashion_36.jpg,['Unknown'],['Unknown'],Female,Unknown
36,https://shop.iskandar.ml/IMAGES/fashion_37.jpg,"['Sexy', 'Romantic', 'Elegant']","['Blue', 'Blue']",Female,26
37,https://shop.iskandar.ml/IMAGES/fashion_38.jpg,"['Denim', 'Outdoor', 'Casual']","['Black', 'Blue']",Female,29
38,https://shop.iskandar.ml/IMAGES/fashion_39.jpg,"['Business', 'Elegant', 'Casual']","['Brown', 'Black']",Female,31
39,https://shop.iskandar.ml/IMAGES/fashion_40.jpg,"['Sexy', '90s', 'Outdoor']",['Blue'],Female,Unknown
40,https://shop.iskandar.ml/IMAGES/fashion_41.jpg,"['Sexy', 'Elegant', 'Romantic']","['Brown', 'Magenta']",Female,25
41,https://shop.iskandar.ml/IMAGES/fashion_42.jpg,"['Vintage', 'Romantic', 'Bohemian']",['Grey'],Female,Unknown
42,https://shop.iskandar.ml/IMAGES/fashion_43.jpg,"['Outdoor', 'Romantic', 'Sexy']","['Grey', 'Blue', 'White']",Female,29
43,https://shop.iskandar.ml/IMAGES/fashion_44.jpg,"['Casual', 'Romantic', 'Vintage']","['White', 'White']",Female,27
44,https://shop.iskandar.ml/IMAGES/fashion_45.jpg,"['Vintage', 'Casual', 'Bohemian']","['White', 'Grey', 'Grey']",Female,Unknown
45,https://shop.iskandar.ml/IMAGES/fashion_46.jpg,"['Vintage', 'Romantic', 'Casual']","['White', 'Grey']",Female,Unknown
46,https://shop.iskandar.ml/IMAGES/fashion_47.jpg,"['Sexy', 'Elegant', 'Bohemian']","['Red', 'Brown', 'Red']",Female,Unknown
47,https://shop.iskandar.ml/IMAGES/fashion_48.jpg,"['Elegant', 'Romantic', 'Bohemian']","['Grey', 'Grey', 'Grey']",Female,Unknown
48,https://shop.iskandar.ml/IMAGES/fashion_49.jpg,"['Sexy', 'Elegant', 'Romantic']","['Brown', 'White', 'Brown']",Female,31
49,https://shop.iskandar.ml/IMAGES/fashion_50.jpg,"['Vintage', 'Romantic', 'Elegant']","['Grey', 'White', 'Grey']",Female,27
50,https://shop.iskandar.ml/IMAGES/fashion_51.jpg,"['90s', 'Vintage', 'Rocker']","['Grey', 'Grey', 'Grey']",Female,Unknown
51,https://shop.iskandar.ml/IMAGES/fashion_52.jpg,"['Elegant', 'Sexy', 'Bohemian']","['White', 'Grey', 'White']",Female,Unknown
52,https://shop.iskandar.ml/IMAGES/fashion_53.jpg,"['Sexy', '90s', 'Elegant']","['Grey', 'Black']",Female,27
53,https://shop.iskandar.ml/IMAGES/fashion_54.jpg,"['Sexy', 'Denim', 'Outdoor']","['White', 'Grey']",Female,25
54,https://shop.iskandar.ml/IMAGES/fashion_55.jpg,"['Sexy', '90s', 'Outdoor']","['Grey', 'Blue']",Female,Unknown
55,https://shop.iskandar.ml/IMAGES/fashion_56.jpg,"['Sexy', 'Elegant', 'Romantic']","['Grey', 'Grey', 'Brown']",Female,29
56,https://shop.iskandar.ml/IMAGES/fashion_57.jpg,"['Denim', 'Outdoor', '90s']","['Grey', 'Brown']",Female,12
57,https://shop.iskandar.ml/IMAGES/fashion_58.jpg,"['Denim', 'Outdoor', 'Business']","['Green', 'Grey', 'White']",Female,17
58,https://shop.iskandar.ml/IMAGES/fashion_59.jpg,"['Denim', '90s', 'Outdoor']","['Blue', 'Grey', 'Grey']",Female,28
59,https://shop.iskandar.ml/IMAGES/fashion_60.jpg,"['Denim', 'Outdoor', '90s']","['Yellow', 'Green', 'Grey']",Female,12
60,https://shop.iskandar.ml/IMAGES/fashion_61.jpg,"['Denim', 'Outdoor', '90s']","['Grey', 'Grey', 'Red']",Female,15
61,https://shop.iskandar.ml/IMAGES/fashion_62.jpg,"['Sexy', '90s', 'Business']","['White', 'White', 'Brown']",Female,Unknown
62,https://shop.iskandar.ml/IMAGES/fashion_63.jpg,"['Sexy', 'Elegant', '90s']","['White', 'Grey', 'Grey']",Female,24
63,https://shop.iskandar.ml/IMAGES/fashion_64.jpg,['Unknown'],['Unknown'],Female,28
64,https://shop.iskandar.ml/IMAGES/fashion_65.jpg,"['Sexy', 'Casual', '90s']","['Red', 'Black']",Female,Unknown
65,https://shop.iskandar.ml/IMAGES/fashion_66.jpg,"['Sexy', 'Elegant', 'Outdoor']","['White', 'Brown']",Female,22
66,https://shop.iskandar.ml/IMAGES/fashion_67.jpg,"['Sexy', 'Elegant', 'Romantic']","['Brown', 'White', 'White']",Female,24
67,https://shop.iskandar.ml/IMAGES/fashion_68.jpg,"['Sexy', '90s', 'Outdoor']","['Brown', 'Black', 'White']",Female,22
68,https://shop.iskandar.ml/IMAGES/fashion_69.jpg,"['Sexy', 'Outdoor', 'Romantic']","['Brown', 'Grey', 'White']",Female,32
69,https://shop.iskandar.ml/IMAGES/fashion_70.jpg,"['Bohemian', 'Vintage', 'Outdoor']","['Grey', 'Brown', 'Black']",Female,20
70,https://shop.iskandar.ml/IMAGES/fashion_71.jpg,"['Vintage', 'Elegant', 'Bohemian']","['Brown', 'Grey', 'Brown', 'Brown']",Female,27
71,https://shop.iskandar.ml/IMAGES/fashion_72.jpg,"['Romantic', 'Sexy', 'Elegant']","['White', 'Grey']",Female,Unknown
72,https://shop.iskandar.ml/IMAGES/fashion_73.jpg,"['90s', 'Sexy', 'Business']","['Black', 'Black']",Female,Unknown
73,https://shop.iskandar.ml/IMAGES/fashion_74.jpg,"['Elegant', 'Vintage', 'Romantic']","['Grey', 'Grey', 'Grey']",Female,22
74,https://shop.iskandar.ml/IMAGES/fashion_75.jpg,"['Sexy', '90s', 'Vintage']","['Black', 'Black', 'White', 'Grey']",Female,Unknown
75,https://shop.iskandar.ml/IMAGES/fashion_76.jpg,"['Sexy', '90s', 'Romantic']","['Brown', 'Grey', 'Grey']",Female,32
76,https://shop.iskandar.ml/IMAGES/fashion_77.jpg,['Unknown'],['Unknown'],Female,27
77,https://shop.iskandar.ml/IMAGES/fashion_78.jpg,"['Sexy', 'Elegant', 'Romantic']","['Grey', 'Brown', 'Black']",Female,28
78,https://shop.iskandar.ml/IMAGES/fashion_79.jpg,"['Sexy', 'Elegant', 'Outdoor']","['Black', 'Black', 'Grey']",Female,25
79,https://shop.iskandar.ml/IMAGES/fashion_80.jpg,['Unknown'],['Unknown'],Female,Unknown
80,https://shop.iskandar.ml/IMAGES/fashion_81.jpg,['Unknown'],['Unknown'],Female,Unknown
81,https://shop.iskandar.ml/IMAGES/fashion_82.jpg,"['Sexy', 'Elegant', 'Outdoor']","['Brown', 'Blue']",Female,30
82,https://shop.iskandar.ml/IMAGES/fashion_83.jpg,"['Denim', 'Outdoor', 'Sexy']","['White', 'Brown', 'Brown']",Female,31
83,https://shop.iskandar.ml/IMAGES/fashion_84.jpg,"['Sexy', 'Elegant', '90s']",['Grey'],Female,28
84,https://shop.iskandar.ml/IMAGES/fashion_85.jpg,"['Sexy', 'Elegant', 'Romantic']","['Grey', 'White']",Female,28
85,https://shop.iskandar.ml/IMAGES/fashion_86.jpg,"['Vintage', 'Eclectic', 'Elegant']","['White', 'Grey', 'Grey']",Female,26
86,https://shop.iskandar.ml/IMAGES/fashion_87.jpg,"['Sexy', 'Outdoor', 'Elegant']","['White', 'White', 'White']",Female,20
87,https://shop.iskandar.ml/IMAGES/fashion_88.jpg,"['Sexy', 'Outdoor', 'Elegant']","['Red', 'White', 'Black']",Female,30
88,https://shop.iskandar.ml/IMAGES/fashion_89.jpg,"['Elegant', 'Casual', 'Vintage']","['Brown', 'Brown', 'Red']",Female,34
89,https://shop.iskandar.ml/IMAGES/fashion_90.jpg,"['Denim', '90s', 'Casual']","['Red', 'Brown', 'Grey']",Female,26
90,https://shop.iskandar.ml/IMAGES/fashion_91.jpg,"['Elegant', 'Casual', 'Outdoor']","['Blue', 'Blue']",Female,31
91,https://shop.iskandar.ml/IMAGES/fashion_92.jpg,"['Sexy', 'Outdoor', 'Elegant']","['Red', 'Black']",Female,24
92,https://shop.iskandar.ml/IMAGES/fashion_93.jpg,"['Sexy', 'Casual', 'Elegant']","['Red', 'Red']",Female,27
93,https://shop.iskandar.ml/IMAGES/fashion_94.jpg,"['Sexy', 'Elegant', 'Business']",['Blue'],Female,24
94,https://shop.iskandar.ml/IMAGES/fashion_95.jpg,"['Outdoor', '90s', 'Denim']","['Red', 'Grey', 'Green']",Female,14
95,https://shop.iskandar.ml/IMAGES/fashion_96.jpg,"['Casual', 'Vintage', 'Sexy']","['Red', 'Red', 'Red']",Female,27
96,https://shop.iskandar.ml/IMAGES/fashion_97.jpg,"['Elegant', 'Casual', 'Vintage']","['White', 'Red', 'Brown']",Female,Unknown
97,https://shop.iskandar.ml/IMAGES/fashion_98.jpg,"['Denim', 'Sexy', 'Casual']","['Brown', 'Grey', 'Brown']",Female,21
98,https://shop.iskandar.ml/IMAGES/fashion_99.jpg,"['Sexy', '90s', 'Casual']","['Red', 'Yellow', 'Brown']",Female,Unknown
99,https://shop.iskandar.ml/IMAGES/fashion_100.jpg,"['Sexy', 'Outdoor', 'Denim']","['Green', 'Green', 'Grey', 'Brown']",Female,28
100,https://shop.iskandar.ml/IMAGES/fashion_101.jpg,"['Elegant', 'Casual', 'Outdoor']","['White', 'Brown']",Female,30
101,https://shop.iskandar.ml/IMAGES/fashion_102.jpg,"['Casual', 'Vintage', 'Elegant']","['Red', 'Red']",Female,Unknown
102,https://shop.iskandar.ml/IMAGES/fashion_103.jpg,"['Casual', 'Denim', '90s']","['Blue', 'Blue']",Female,Unknown
103,https://shop.iskandar.ml/IMAGES/fashion_104.jpg,"['Sexy', 'Casual', 'Outdoor']","['Brown', 'Black', 'Grey']",Female,30
104,https://shop.iskandar.ml/IMAGES/fashion_105.jpg,"['Sexy', 'Elegant', 'Business']","['Brown', 'Black']",Female,29
105,https://shop.iskandar.ml/IMAGES/fashion_106.jpg,"['Sexy', 'Elegant', 'Romantic']","['Brown', 'Brown', 'Grey']",Female,29
106,https://shop.iskandar.ml/IMAGES/fashion_107.jpg,"['Sexy', 'Elegant', 'Outdoor']","['Grey', 'Brown', 'Brown']",Female,23
107,https://shop.iskandar.ml/IMAGES/fashion_108.jpg,"['Sexy', 'Romantic', 'Elegant']","['White', 'Brown']",Female,22
108,https://shop.iskandar.ml/IMAGES/fashion_109.jpg,"['Sexy', 'Casual', 'Outdoor']","['Brown', 'Brown', 'Black']",Female,20
109,https://shop.iskandar.ml/IMAGES/fashion_110.jpg,"['Sexy', 'Elegant', '90s']","['Grey', 'Black']",Female,29
110,https://shop.iskandar.ml/IMAGES/fashion_111.jpg,"['Outdoor', 'Sexy', 'Denim']",['White'],Female,19
111,https://shop.iskandar.ml/IMAGES/fashion_112.jpg,"['Sexy', 'Romantic', 'Outdoor']","['Red', 'Brown']",Female,15
112,https://shop.iskandar.ml/IMAGES/fashion_113.jpg,"['Sexy', 'Elegant', 'Outdoor']","['Blue', 'Brown']",Female,Unknown
113,https://shop.iskandar.ml/IMAGES/fashion_114.jpg,"['Denim', 'Outdoor', 'Business']","['Brown', 'Grey', 'Grey', 'Brown']",Female,29
114,https://shop.iskandar.ml/IMAGES/fashion_115.jpg,"['Sexy', '90s', 'Vintage']","['Black', 'Brown']",Female,24
115,https://shop.iskandar.ml/IMAGES/fashion_116.jpg,"['Sexy', 'Elegant', 'Romantic']","['Brown', 'Brown', 'Brown']",Female,Unknown
116,https://shop.iskandar.ml/IMAGES/fashion_117.jpg,"['Sexy', 'Romantic', 'Elegant']","['Grey', 'Brown']",Female,30
117,https://shop.iskandar.ml/IMAGES/fashion_118.jpg,"['Sexy', 'Outdoor', '90s']","['Grey', 'Brown', 'Brown', 'Brown']",Female,31
118,https://shop.iskandar.ml/IMAGES/fashion_119.jpg,"['Sexy', 'Elegant', 'Outdoor']","['White', 'White', 'Brown']",Female,15
119,https://shop.iskandar.ml/IMAGES/fashion_120.jpg,"['Sexy', 'Rocker', 'Elegant']","['Black', 'White', 'Grey']",Female,Unknown
120,https://shop.iskandar.ml/IMAGES/fashion_121.jpg,"['Denim', 'Outdoor', '90s']","['White', 'Grey', 'Green']",Female,14
121,https://shop.iskandar.ml/IMAGES/fashion_122.jpg,"['Sexy', 'Elegant', 'Business']","['Blue', 'Blue']",Female,25
122,https://shop.iskandar.ml/IMAGES/fashion_123.jpg,"['90s', 'Elegant', 'Sexy']","['Black', 'Black', 'Black']",Female,Unknown
123,https://shop.iskandar.ml/IMAGES/fashion_124.jpg,"['Casual', 'Outdoor', 'Vintage']","['Black', 'Black']",Female,35
124,https://shop.iskandar.ml/IMAGES/fashion_125.jpg,"['Business', '90s', 'Casual']","['Black', 'Black']",Female,24
125,https://shop.iskandar.ml/IMAGES/fashion_126.jpg,"['Bohemian', 'Vintage', 'Denim']","['Brown', 'Brown', 'Brown']",Female,19
126,https://shop.iskandar.ml/IMAGES/fashion_127.jpg,"['Sexy', 'Vintage', '90s']","['White', 'Grey']",Female,28
127,https://shop.iskandar.ml/IMAGES/fashion_128.jpg,"['Sexy', 'Outdoor', 'Denim']","['Black', 'Brown', 'White']",Female,22
128,https://shop.iskandar.ml/IMAGES/fashion_129.jpg,"['Sexy', 'Elegant', 'Romantic']","['Brown', 'Blue', 'Brown']",Female,13
129,https://shop.iskandar.ml/IMAGES/fashion_130.jpg,"['Sexy', 'Romantic', 'Elegant']","['Brown', 'Blue', 'Grey']",Female,11
130,https://shop.iskandar.ml/IMAGES/fashion_131.jpg,"['Sexy', 'Elegant', 'Outdoor']","['Grey', 'Black']",Female,18
131,https://shop.iskandar.ml/IMAGES/fashion_132.jpg,"['Sexy', 'Elegant', '90s']","['Black', 'Brown']",Female,22
132,https://shop.iskandar.ml/IMAGES/fashion_133.jpg,"['Sexy', 'Vintage', 'Elegant']","['White', 'Brown', 'Grey', 'White']",Female,Unknown
133,https://shop.iskandar.ml/IMAGES/fashion_134.jpg,"['Sexy', 'Elegant', 'Business']","['Grey', 'Blue', 'Blue']",Female,14
134,https://shop.iskandar.ml/IMAGES/fashion_135.jpg,"['Sexy', 'Outdoor', 'Elegant']","['White', 'Red']",Female,31
135,https://shop.iskandar.ml/IMAGES/fashion_136.jpg,"['Sexy', 'Romantic', 'Outdoor']","['Grey', 'Brown', 'Grey']",Female,25
136,https://shop.iskandar.ml/IMAGES/fashion_137.jpg,"['Sexy', 'Rocker', '90s']","['Brown', 'Grey', 'Black']",Female,33
137,https://shop.iskandar.ml/IMAGES/fashion_138.jpg,"['Sexy', 'Elegant', 'Romantic']","['White', 'Yellow']",Female,31
138,https://shop.iskandar.ml/IMAGES/fashion_139.jpg,"['Elegant', 'Sexy', 'Romantic']","['White', 'Brown', 'Brown']",Female,26
139,https://shop.iskandar.ml/IMAGES/fashion_140.jpg,"['Sexy', 'Elegant', 'Romantic']","['Red', 'Brown']",Female,27
140,https://shop.iskandar.ml/IMAGES/fashion_141.jpg,"['Elegant', 'Sexy', 'Romantic']","['White', 'White', 'White']",Female,Unknown
141,https://shop.iskandar.ml/IMAGES/fashion_142.jpg,"['Sexy', 'Elegant', 'Vintage']","['White', 'Grey', 'White']",Female,Unknown
142,https://shop.iskandar.ml/IMAGES/fashion_143.jpg,"['Sexy', 'Elegant', 'Romantic']","['Brown', 'Magenta', 'Red', 'Brown']",Female,23
143,https://shop.iskandar.ml/IMAGES/fashion_144.jpg,"['Romantic', 'Sexy', 'Elegant']","['Brown', 'Grey']",Female,Unknown
144,https://shop.iskandar.ml/IMAGES/fashion_145.jpg,"['Sexy', 'Elegant', 'Business']","['Black', 'Brown']",Female,25
145,https://shop.iskandar.ml/IMAGES/fashion_146.jpg,"['Vintage', 'Romantic', 'Casual']",['Grey'],Female,Unknown
146,https://shop.iskandar.ml/IMAGES/fashion_147.jpg,"['Sexy', 'Business', '90s']","['Grey', 'Grey', 'Grey', 'White']",Female,Unknown
147,https://shop.iskandar.ml/IMAGES/fashion_148.jpg,"['Romantic', 'Elegant', 'Sexy']","['White', 'White', 'White']",Female,20
148,https://shop.iskandar.ml/IMAGES/fashion_149.jpg,"['Sexy', 'Elegant', 'Romantic']","['Red', 'Brown', 'Brown']",Female,27
149,https://shop.iskandar.ml/IMAGES/fashion_150.jpg,"['Vintage', 'Bohemian', 'Outdoor']","['Blue', 'Cyan', 'Blue']",Female,29
150,https://shop.iskandar.ml/IMAGES/fashion_151.jpg,"['Vintage', 'Bohemian', 'Sexy']","['Brown', 'Grey']",Female,22
151,https://shop.iskandar.ml/IMAGES/fashion_152.jpg,"['Sexy', 'Outdoor', 'Vintage']","['Red', 'Red']",Female,Unknown
152,https://shop.iskandar.ml/IMAGES/fashion_153.jpg,"['Sexy', 'Elegant', 'Romantic']","['Brown', 'Brown', 'Yellow', 'Brown']",Female,28
153,https://shop.iskandar.ml/IMAGES/fashion_154.jpg,"['Denim', 'Outdoor', '90s']","['Grey', 'Grey', 'Black', 'Green']",Female,25
154,https://shop.iskandar.ml/IMAGES/fashion_155.jpg,"['Elegant', 'Business', 'Denim']","['Grey', 'Black']",Female,33
155,https://shop.iskandar.ml/IMAGES/fashion_156.jpg,"['Vintage', 'Elegant', '90s']","['Grey', 'Grey', 'Grey']",Female,Unknown
156,https://shop.iskandar.ml/IMAGES/fashion_157.jpg,"['Elegant', '90s', 'Sexy']","['White', 'Grey', 'Grey', 'Black']",Female,25
157,https://shop.iskandar.ml/IMAGES/fashion_158.jpg,"['Sexy', 'Elegant', 'Vintage']","['White', 'Brown', 'Brown']",Female,28
158,https://shop.iskandar.ml/IMAGES/fashion_159.jpg,"['Sexy', 'Bohemian', 'Outdoor']","['Green', 'Grey', 'Brown']",Female,23
159,https://shop.iskandar.ml/IMAGES/fashion_160.jpg,"['Sexy', 'Elegant', 'Romantic']","['Grey', 'Grey', 'Grey']",Female,Unknown
160,https://shop.iskandar.ml/IMAGES/fashion_161.jpg,"['Elegant', '90s', 'Denim']","['White', 'White', 'White', 'White']",Female,24
161,https://shop.iskandar.ml/IMAGES/fashion_162.jpg,"['Sexy', 'Casual', 'Elegant']","['Black', 'Magenta', 'Magenta', 'Grey']",Female,28
162,https://shop.iskandar.ml/IMAGES/fashion_163.jpg,"['Elegant', 'Sexy', 'Romantic']","['White', 'White', 'White']",Female,10
163,https://shop.iskandar.ml/IMAGES/fashion_164.jpg,"['Sexy', 'Outdoor', 'Elegant']","['Brown', 'Black', 'Grey']",Female,21
164,https://shop.iskandar.ml/IMAGES/fashion_165.jpg,['Unknown'],['Unknown'],Female,26
165,https://shop.iskandar.ml/IMAGES/fashion_166.jpg,"['Bohemian', 'Elegant', 'Sexy']","['Blue', 'Grey', 'Grey']",Female,30
166,https://shop.iskandar.ml/IMAGES/fashion_167.jpg,"['Sexy', 'Outdoor', 'Business']","['White', 'Blue']",Female,Unknown
167,https://shop.iskandar.ml/IMAGES/fashion_168.jpg,"['Business', 'Casual', 'Elegant']","['Black', 'Black']",Female,25
168,https://shop.iskandar.ml/IMAGES/fashion_169.jpg,"['Outdoor', 'Sexy', 'Denim']","['Grey', 'Grey']",Female,33
169,https://shop.iskandar.ml/IMAGES/fashion_170.jpg,"['Denim', 'Outdoor', 'Sexy']","['Red', 'Grey', 'Grey']",Female,28
170,https://shop.iskandar.ml/IMAGES/fashion_171.jpg,"['Denim', 'Outdoor', '90s']","['Green', 'Red']",Female,22
171,https://shop.iskandar.ml/IMAGES/fashion_172.jpg,['Unknown'],['Unknown'],Female,Unknown
172,https://shop.iskandar.ml/IMAGES/fashion_173.jpg,"['Sexy', 'Business', 'Vintage']","['Black', 'White']",Female,26
173,https://shop.iskandar.ml/IMAGES/fashion_174.jpg,"['Vintage', '90s', 'Outdoor']","['White', 'White']",Female,Unknown
174,https://shop.iskandar.ml/IMAGES/fashion_175.jpg,"['Denim', 'Outdoor', '90s']","['Grey', 'Grey', 'Brown']",Female,Unknown
175,https://shop.iskandar.ml/IMAGES/fashion_176.jpg,"['Vintage', 'Bohemian', 'Outdoor']","['White', 'White']",Female,29
176,https://shop.iskandar.ml/IMAGES/fashion_177.jpg,"['Elegant', 'Romantic', 'Sexy']","['Red', 'Brown']",Female,31
177,https://shop.iskandar.ml/IMAGES/fashion_178.jpg,"['Romantic', 'Vintage', 'Elegant']","['White', 'White']",Female,Unknown
178,https://shop.iskandar.ml/IMAGES/fashion_179.jpg,"['Sexy', 'Outdoor', 'Bohemian']","['Brown', 'White', 'Brown']",Female,30
179,https://shop.iskandar.ml/IMAGES/fashion_180.jpg,['Unknown'],['Unknown'],Female,25
180,https://shop.iskandar.ml/IMAGES/fashion_181.jpg,"['Sexy', 'Elegant', 'Romantic']","['Brown', 'Brown']",Female,26
181,https://shop.iskandar.ml/IMAGES/fashion_182.jpg,"['Elegant', 'Romantic', 'Vintage']","['Brown', 'White']",Female,32
182,https://shop.iskandar.ml/IMAGES/fashion_183.jpg,"['Sexy', 'Elegant', 'Outdoor']","['Black', 'Grey']",Female,24
183,https://shop.iskandar.ml/IMAGES/fashion_184.jpg,"['Sexy', 'Outdoor', 'Elegant']","['Black', 'Yellow']",Female,27
184,https://shop.iskandar.ml/IMAGES/fashion_185.jpg,"['Sexy', 'Elegant', 'Outdoor']","['Black', 'White']",Female,24
185,https://shop.iskandar.ml/IMAGES/fashion_186.jpg,"['Sexy', 'Casual', 'Outdoor']","['Brown', 'Brown', 'Brown']",Female,33
186,https://shop.iskandar.ml/IMAGES/fashion_187.jpg,"['Casual', 'Eclectic', 'Vintage']",['Magenta'],Female,24
187,https://shop.iskandar.ml/IMAGES/fashion_188.jpg,"['Outdoor', 'Sexy', '90s']","['Grey', 'Grey']",Female,25
188,https://shop.iskandar.ml/IMAGES/fashion_189.jpg,"['Casual', 'Vintage', 'Denim']","['Brown', 'Grey', 'Grey']",Female,27
189,https://shop.iskandar.ml/IMAGES/fashion_190.jpg,"['Vintage', '90s', 'Casual']","['Blue', 'Grey']",Female,Unknown
190,https://shop.iskandar.ml/IMAGES/fashion_191.jpg,"['Denim', 'Sexy', 'Outdoor']","['Grey', 'Red', 'Grey']",Female,22
191,https://shop.iskandar.ml/IMAGES/fashion_192.jpg,"['Elegant', 'Business', 'Sexy']","['White', 'Brown', 'Black']",Female,29
192,https://shop.iskandar.ml/IMAGES/fashion_193.jpg,"['Outdoor', 'Sexy', 'Denim']","['Black', 'Magenta']",Female,24
193,https://shop.iskandar.ml/IMAGES/fashion_194.jpg,"['Sexy', 'Romantic', 'Elegant']","['Grey', 'Grey', 'Grey', 'Brown']",Female,23
194,https://shop.iskandar.ml/IMAGES/fashion_195.jpg,"['Sexy', 'Elegant', 'Romantic']","['Grey', 'Grey', 'Blue', 'Brown']",Female,12
195,https://shop.iskandar.ml/IMAGES/fashion_196.jpg,"['Romantic', 'Sexy', 'Elegant']","['Blue', 'Grey', 'Grey']",Female,12
196,https://shop.iskandar.ml/IMAGES/fashion_197.jpg,"['Sexy', 'Romantic', 'Elegant']","['White', 'White']",Female,26
197,https://shop.iskandar.ml/IMAGES/fashion_198.jpg,"['Sexy', 'Elegant', 'Outdoor']","['White', 'Blue']",Female,25
198,https://shop.iskandar.ml/IMAGES/fashion_199.jpg,"['Sexy', 'Elegant', 'Romantic']","['Grey', 'White', 'White']",Female,21
199,https://shop.iskandar.ml/IMAGES/fashion_200.jpg,"['Sexy', 'Elegant', 'Romantic']","['Brown', 'White']",Female,25
200,https://shop.iskandar.ml/IMAGES/fashion_201.jpg,"['Sexy', 'Elegant', 'Outdoor']","['Brown', 'Blue', 'White']",Female,28
201,https://shop.iskandar.ml/IMAGES/fashion_202.jpg,"['Sexy', 'Elegant', 'Romantic']","['Brown', 'White', 'White']",Female,29
202,https://shop.iskandar.ml/IMAGES/fashion_203.jpg,"['Sexy', 'Outdoor', 'Elegant']","['Brown', 'White', 'Yellow']",Female,27
203,https://shop.iskandar.ml/IMAGES/fashion_204.jpg,"['Elegant', 'Sexy', 'Vintage']","['White', 'White']",Female,Unknown
204,https://shop.iskandar.ml/IMAGES/fashion_205.jpg,"['Sexy', 'Denim', '90s']","['White', 'Grey', 'White']",Female,20
205,https://shop.iskandar.ml/IMAGES/fashion_206.jpg,"['Denim', 'Outdoor', 'Sexy']","['Magenta', 'Grey', 'Grey']",Female,28
206,https://shop.iskandar.ml/IMAGES/fashion_207.jpg,"['Sexy', 'Elegant', 'Denim']","['Brown', 'White']",Female,26
207,https://shop.iskandar.ml/IMAGES/fashion_208.jpg,['Unknown'],['Unknown'],Female,28
208,https://shop.iskandar.ml/IMAGES/fashion_209.jpg,"['Denim', '90s', 'Outdoor']","['Blue', 'Grey', 'Brown', 'Blue']",Female,25
209,https://shop.iskandar.ml/IMAGES/fashion_210.jpg,"['Sexy', 'Outdoor', 'Elegant']","['Black', 'Green']",Female,16
210,https://shop.iskandar.ml/IMAGES/fashion_211.jpg,"['Sexy', 'Elegant', 'Outdoor']","['Brown', 'Brown']",Female,28
211,https://shop.iskandar.ml/IMAGES/fashion_212.jpg,"['Sexy', 'Elegant', 'Romantic']","['White', 'Black', 'Brown']",Female,14
212,https://shop.iskandar.ml/IMAGES/fashion_213.jpg,"['Denim', 'Sexy', '90s']","['White', 'Grey']",Female,29
213,https://shop.iskandar.ml/IMAGES/fashion_214.jpg,"['Denim', '90s', 'Outdoor']","['Grey', 'Brown', 'Grey']",Female,26
214,https://shop.iskandar.ml/IMAGES/fashion_215.jpg,"['Sexy', 'Elegant', 'Business']","['Black', 'Grey', 'Brown']",Female,29
215,https://shop.iskandar.ml/IMAGES/fashion_216.jpg,"['Sexy', 'Elegant', 'Outdoor']","['Brown', 'Blue']",Female,29
216,https://shop.iskandar.ml/IMAGES/fashion_217.jpg,"['Sexy', 'Elegant', 'Outdoor']","['Red', 'Black']",Female,32
217,https://shop.iskandar.ml/IMAGES/fashion_218.jpg,"['Sexy', 'Elegant', '90s']","['Black', 'Red', 'Brown']",Female,28
218,https://shop.iskandar.ml/IMAGES/fashion_219.jpg,"['Sexy', 'Outdoor', 'Elegant']","['Blue', 'Brown']",Female,24
219,https://shop.iskandar.ml/IMAGES/fashion_220.jpg,"['Sexy', 'Elegant', 'Outdoor']","['Grey', 'Brown', 'White']",Female,Unknown
220,https://shop.iskandar.ml/IMAGES/fashion_221.jpg,"['Sexy', 'Elegant', 'Romantic']","['White', 'Grey', 'Grey']",Female,19
221,https://shop.iskandar.ml/IMAGES/fashion_222.jpg,"['Bohemian', 'Sexy', 'Vintage']","['Magenta', 'Red', 'Red', 'Red']",Female,15
222,https://shop.iskandar.ml/IMAGES/fashion_223.jpg,"['Outdoor', 'Sexy', 'Denim']","['Blue', 'Blue', 'Blue']",Female,Unknown
223,https://shop.iskandar.ml/IMAGES/fashion_224.jpg,"['Denim', 'Sexy', '90s']","['Brown', 'White']",Female,Unknown
224,https://shop.iskandar.ml/IMAGES/fashion_225.jpg,"['Sexy', 'Elegant', '90s']","['Green', 'Brown']",Female,30
225,https://shop.iskandar.ml/IMAGES/fashion_226.jpg,"['Sexy', 'Elegant', '90s']","['Brown', 'Brown', 'Red']",Female,Unknown
226,https://shop.iskandar.ml/IMAGES/fashion_227.jpg,"['Denim', 'Sexy', 'Outdoor']","['Grey', 'Grey', 'Blue', 'Brown']",Female,31
227,https://shop.iskandar.ml/IMAGES/fashion_228.jpg,"['Elegant', 'Business', 'Sexy']","['Grey', 'Brown', 'Brown', 'Brown', 'Brown']",Female,24
228,https://shop.iskandar.ml/IMAGES/fashion_229.jpg,"['Romantic', 'Sexy', 'Elegant']","['Brown', 'Red', 'White']",Female,24
229,https://shop.iskandar.ml/IMAGES/fashion_230.jpg,"['Sexy', 'Elegant', 'Romantic']","['White', 'Brown', 'White']",Female,25
230,https://shop.iskandar.ml/IMAGES/fashion_231.jpg,"['Vintage', 'Sexy', 'Casual']","['Grey', 'White']",Female,Unknown
231,https://shop.iskandar.ml/IMAGES/fashion_232.jpg,['Unknown'],['Unknown'],Female,Unknown
232,https://shop.iskandar.ml/IMAGES/fashion_233.jpg,"['Sexy', 'Elegant', 'Vintage']","['Brown', 'Grey', 'Brown']",Female,Unknown
233,https://shop.iskandar.ml/IMAGES/fashion_234.jpg,"['Vintage', 'Bohemian', 'Romantic']","['Brown', 'Red']",Female,Unknown
234,https://shop.iskandar.ml/IMAGES/fashion_235.jpg,"['Elegant', 'Casual', 'Bohemian']","['Grey', 'Grey', 'White']",Female,Unknown
235,https://shop.iskandar.ml/IMAGES/fashion_236.jpg,"['Denim', '90s', 'Vintage']","['Grey', 'White', 'White']",Male,29
236,https://shop.iskandar.ml/IMAGES/fashion_237.jpg,"['Denim', 'Outdoor', 'Business']","['White', 'Blue', 'White']",Male,19
237,https://shop.iskandar.ml/IMAGES/fashion_238.jpg,"['Vintage', 'Elegant', 'Business']","['White', 'Brown', 'White']",Male,23
238,https://shop.iskandar.ml/IMAGES/fashion_239.jpg,"['Denim', 'Outdoor', 'Vintage']","['Black', 'Black']",Male,39
239,https://shop.iskandar.ml/IMAGES/fashion_240.jpg,"['Outdoor', 'Casual', 'Sexy']","['Yellow', 'Yellow']",Male,27
240,https://shop.iskandar.ml/IMAGES/fashion_241.jpg,"['Vintage', 'Business', 'Casual']","['Magenta', 'Magenta']",Male,31
241,https://shop.iskandar.ml/IMAGES/fashion_242.jpg,"['Outdoor', 'Denim', 'Casual']","['Brown', 'Grey', 'Blue']",Male,25
242,https://shop.iskandar.ml/IMAGES/fashion_243.jpg,"['Elegant', 'Denim', 'Casual']","['Grey', 'Black', 'Grey']",Male,27
243,https://shop.iskandar.ml/IMAGES/fashion_244.jpg,"['90s', 'Outdoor', 'Denim']","['Brown', 'Black']",Male,23
244,https://shop.iskandar.ml/IMAGES/fashion_245.jpg,"['Business', 'Denim', 'Vintage']","['Black', 'Grey', 'White']",Male,Unknown
245,https://shop.iskandar.ml/IMAGES/fashion_246.jpg,"['Vintage', 'Business', 'Elegant']",['White'],Male,25
246,https://shop.iskandar.ml/IMAGES/fashion_247.jpg,"['Denim', 'Business', 'Vintage']","['White', 'Grey', 'Green']",Male,24
247,https://shop.iskandar.ml/IMAGES/fashion_248.jpg,"['Casual', 'Sexy', 'Eclectic']",['Red'],Male,Unknown
248,https://shop.iskandar.ml/IMAGES/fashion_249.jpg,"['Vintage', 'Elegant', 'Casual']","['Brown', 'Brown', 'Brown']",Male,Unknown
249,https://shop.iskandar.ml/IMAGES/fashion_250.jpg,"['Vintage', 'Sexy', 'Elegant']","['Red', 'Red', 'Red']",Male,Unknown
250,https://shop.iskandar.ml/IMAGES/fashion_251.jpg,['Unknown'],['Unknown'],Male,Unknown
251,https://shop.iskandar.ml/IMAGES/fashion_252.jpg,"['Sexy', 'Elegant', 'Outdoor']","['Yellow', 'Brown', 'Red']",Male,Unknown
252,https://shop.iskandar.ml/IMAGES/fashion_253.jpg,"['Business', 'Vintage', 'Sexy']","['Black', 'Grey', 'White']",Male,24
253,https://shop.iskandar.ml/IMAGES/fashion_254.jpg,"['Sexy', 'Outdoor', 'Elegant']","['White', 'Grey']",Male,22
254,https://shop.iskandar.ml/IMAGES/fashion_255.jpg,"['90s', 'Denim', 'Outdoor']","['Grey', 'Grey', 'Grey', 'Grey']",Male,26
255,https://shop.iskandar.ml/IMAGES/fashion_256.jpg,"['Outdoor', 'Elegant', '90s']","['Blue', 'Blue', 'Blue']",Male,31
256,https://shop.iskandar.ml/IMAGES/fashion_257.jpg,"['Denim', 'Business', 'Sexy']","['Brown', 'Blue', 'Grey', 'Grey']",Male,28
257,https://shop.iskandar.ml/IMAGES/fashion_258.jpg,"['Sexy', 'Business', '90s']","['Brown', 'Grey', 'Grey', 'White']",Male,Unknown
258,https://shop.iskandar.ml/IMAGES/fashion_259.jpg,"['90s', 'Denim', 'Vintage']","['Grey', 'Brown', 'Grey']",Male,15
259,https://shop.iskandar.ml/IMAGES/fashion_260.jpg,"['Denim', 'Outdoor', 'Casual']","['Black', 'Black']",Male,14
260,https://shop.iskandar.ml/IMAGES/fashion_261.jpg,"['Denim', 'Casual', 'Vintage']","['Grey', 'Grey']",Male,20
261,https://shop.iskandar.ml/IMAGES/fashion_262.jpg,"['90s', 'Outdoor', 'Casual']","['Grey', 'Blue']",Male,25
262,https://shop.iskandar.ml/IMAGES/fashion_263.jpg,"['Outdoor', 'Casual', '90s']","['Grey', 'Grey']",Male,30
263,https://shop.iskandar.ml/IMAGES/fashion_264.jpg,"['90s', 'Eclectic', 'Casual']","['Grey', 'Grey', 'Black']",Male,Unknown
264,https://shop.iskandar.ml/IMAGES/fashion_265.jpg,"['Outdoor', 'Sexy', 'Business']","['Grey', 'Red']",Male,28
265,https://shop.iskandar.ml/IMAGES/fashion_266.jpg,"['Casual', 'Vintage', 'Outdoor']","['Red', 'Magenta', 'Black']",Male,19
266,https://shop.iskandar.ml/IMAGES/fashion_267.jpg,"['Casual', 'Denim', 'Outdoor']","['Red', 'Brown']",Male,39
267,https://shop.iskandar.ml/IMAGES/fashion_268.jpg,"['Casual', 'Outdoor', 'Business']","['Blue', 'Blue']",Male,30
268,https://shop.iskandar.ml/IMAGES/fashion_269.jpg,"['Sexy', 'Romantic', 'Outdoor']","['Yellow', 'White']",Male,30
269,https://shop.iskandar.ml/IMAGES/fashion_270.jpg,"['Outdoor', '90s', 'Denim']","['Brown', 'White', 'Grey']",Male,23
270,https://shop.iskandar.ml/IMAGES/fashion_271.jpg,"['Sexy', '90s', 'Outdoor']","['Grey', 'White', 'Brown', 'Black']",Male,13
271,https://shop.iskandar.ml/IMAGES/fashion_272.jpg,"['Outdoor', 'Denim', 'Business']","['Grey', 'Black', 'Black']",Male,28
272,https://shop.iskandar.ml/IMAGES/fashion_273.jpg,"['Casual', 'Business', 'Sexy']","['Grey', 'Blue']",Male,23
273,https://shop.iskandar.ml/IMAGES/fashion_274.jpg,"['Casual', 'Denim', 'Business']","['Grey', 'Grey']",Male,30
274,https://shop.iskandar.ml/IMAGES/fashion_275.jpg,"['90s', 'Sexy', 'Outdoor']","['White', 'Black', 'Brown']",Male,Unknown
275,https://shop.iskandar.ml/IMAGES/fashion_276.jpg,['Unknown'],['Unknown'],Male,Unknown
276,https://shop.iskandar.ml/IMAGES/fashion_277.jpg,"['Eclectic', 'Vintage', 'Casual']",['Blue'],Male,Unknown
277,https://shop.iskandar.ml/IMAGES/fashion_278.jpg,"['Outdoor', 'Casual', 'Denim']","['Black', 'Brown', 'Red']",Male,22
278,https://shop.iskandar.ml/IMAGES/fashion_279.jpg,"['Outdoor', 'Casual', '90s']","['Grey', 'Green']",Male,Unknown
279,https://shop.iskandar.ml/IMAGES/fashion_280.jpg,"['Casual', 'Outdoor', 'Vintage']","['Brown', 'Brown', 'Black']",Male,18
280,https://shop.iskandar.ml/IMAGES/fashion_281.jpg,"['Vintage', 'Eclectic', '90s']","['Grey', 'White', 'Black', 'Grey']",Male,28
281,https://shop.iskandar.ml/IMAGES/fashion_282.jpg,"['Sexy', 'Elegant', 'Vintage']","['Green', 'Grey']",Male,29
282,https://shop.iskandar.ml/IMAGES/fashion_283.jpg,"['Outdoor', 'Romantic', 'Elegant']","['White', 'Brown', 'Brown', 'Magenta']",Male,17
283,https://shop.iskandar.ml/IMAGES/fashion_284.jpg,"['Denim', 'Outdoor', 'Casual']","['Grey', 'Brown', 'Black', 'Black']",Male,48
284,https://shop.iskandar.ml/IMAGES/fashion_285.jpg,"['Business', 'Denim', 'Eclectic']","['Brown', 'Grey', 'Magenta']",Male,30
285,https://shop.iskandar.ml/IMAGES/fashion_286.jpg,"['Casual', 'Business', 'Elegant']","['Black', 'White', 'White']",Male,28
286,https://shop.iskandar.ml/IMAGES/fashion_287.jpg,"['Casual', 'Outdoor', '90s']","['Grey', 'Black']",Male,28
287,https://shop.iskandar.ml/IMAGES/fashion_288.jpg,"['Sexy', 'Outdoor', 'Vintage']","['Brown', 'Brown', 'Black']",Male,Unknown
288,https://shop.iskandar.ml/IMAGES/fashion_289.jpg,"['Outdoor', 'Denim', 'Vintage']","['Black', 'Red']",Male,15
289,https://shop.iskandar.ml/IMAGES/fashion_290.jpg,"['Denim', 'Casual', '90s']","['Blue', 'Grey', 'White']",Male,21
290,https://shop.iskandar.ml/IMAGES/fashion_291.jpg,"['Outdoor', 'Business', 'Sexy']","['White', 'White', 'White']",Male,38
291,https://shop.iskandar.ml/IMAGES/fashion_292.jpg,"['Denim', '90s', 'Outdoor']","['White', 'Grey', 'Blue', 'Grey']",Male,24
292,https://shop.iskandar.ml/IMAGES/fashion_293.jpg,"['Denim', 'Outdoor', 'Vintage']","['Blue', 'Grey', 'White']",Male,12
293,https://shop.iskandar.ml/IMAGES/fashion_294.jpg,"['Outdoor', 'Denim', 'Vintage']","['Brown', 'Grey', 'Grey', 'Grey', 'Grey']",Male,16
294,https://shop.iskandar.ml/IMAGES/fashion_295.jpg,"['Sexy', 'Romantic', 'Outdoor']","['Grey', 'White', 'Brown', 'White']",Male,Unknown
295,https://shop.iskandar.ml/IMAGES/fashion_296.jpg,"['Casual', 'Business', 'Outdoor']","['Brown', 'Brown', 'Black']",Male,21
296,https://shop.iskandar.ml/IMAGES/fashion_297.jpg,"['90s', 'Outdoor', 'Sexy']","['Grey', 'Grey']",Male,36
297,https://shop.iskandar.ml/IMAGES/fashion_298.jpg,"['Vintage', 'Eclectic', 'Casual']","['Black', 'Black', 'Black']",Male,Unknown
298,https://shop.iskandar.ml/IMAGES/fashion_299.jpg,"['Sexy', 'Outdoor', 'Denim']","['Grey', 'Brown', 'White']",Male,29
299,https://shop.iskandar.ml/IMAGES/fashion_300.jpg,"['Elegant', 'Casual', '90s']","['Black', 'Black', 'Black']",Male,Unknown
300,https://shop.iskandar.ml/IMAGES/fashion_301.jpg,"['Business', 'Denim', 'Elegant']","['White', 'White']",Male,25
301,https://shop.iskandar.ml/IMAGES/fashion_302.jpg,"['Denim', 'Outdoor', 'Casual']","['Black', 'Grey', 'White']",Male,19
302,https://shop.iskandar.ml/IMAGES/fashion_303.jpg,"['Vintage', 'Elegant', 'Business']","['Brown', 'White', 'Grey']",Male,34
303,https://shop.iskandar.ml/IMAGES/fashion_304.jpg,"['Outdoor', 'Vintage', 'Business']","['Red', 'White']",Male,20
304,https://shop.iskandar.ml/IMAGES/fashion_305.jpg,"['Denim', 'Business', '90s']","['Black', 'Black']",Male,25
305,https://shop.iskandar.ml/IMAGES/fashion_306.jpg,"['Business', 'Eclectic', 'Casual']","['Brown', 'Yellow', 'Black']",Male,30
306,https://shop.iskandar.ml/IMAGES/fashion_307.jpg,"['Elegant', 'Business', 'Vintage']","['Brown', 'Brown']",Male,26
307,https://shop.iskandar.ml/IMAGES/fashion_308.jpg,"['Elegant', 'Outdoor', 'Vintage']","['White', 'White']",Male,27
308,https://shop.iskandar.ml/IMAGES/fashion_309.jpg,"['Outdoor', 'Casual', 'Vintage']","['Brown', 'Brown', 'Brown']",Male,Unknown
309,https://shop.iskandar.ml/IMAGES/fashion_310.jpg,"['Elegant', 'Vintage', 'Outdoor']","['Brown', 'Grey', 'Grey']",Male,28
310,https://shop.iskandar.ml/IMAGES/fashion_311.jpg,"['90s', 'Outdoor', 'Denim']","['Black', 'White']",Male,20
311,https://shop.iskandar.ml/IMAGES/fashion_312.jpg,"['Vintage', 'Elegant', 'Business']","['White', 'Black', 'Grey', 'Black']",Male,Unknown
312,https://shop.iskandar.ml/IMAGES/fashion_313.jpg,"['90s', 'Outdoor', 'Vintage']","['Black', 'Grey']",Male,30
313,https://shop.iskandar.ml/IMAGES/fashion_314.jpg,"['Sexy', 'Casual', 'Denim']","['Brown', 'Black', 'Black']",Male,20
314,https://shop.iskandar.ml/IMAGES/fashion_315.jpg,"['Elegant', 'Romantic', 'Sexy']","['Grey', 'Grey', 'White']",Male,Unknown
315,https://shop.iskandar.ml/IMAGES/fashion_316.jpg,"['Eclectic', 'Casual', 'Vintage']","['Green', 'Brown', 'Green']",Male,24
316,https://shop.iskandar.ml/IMAGES/fashion_317.jpg,"['Denim', 'Outdoor', '90s']","['Grey', 'Black', 'White']",Male,18
317,https://shop.iskandar.ml/IMAGES/fashion_318.jpg,"['Denim', 'Business', 'Casual']","['Grey', 'Black', 'Brown']",Male,33
318,https://shop.iskandar.ml/IMAGES/fashion_319.jpg,"['90s', 'Denim', 'Outdoor']","['Brown', 'White', 'Grey', 'Brown']",Male,20
319,https://shop.iskandar.ml/IMAGES/fashion_320.jpg,"['90s', 'Eclectic', 'Denim']","['Blue', 'White']",Male,Unknown
320,https://shop.iskandar.ml/IMAGES/fashion_321.jpg,"['Business', 'Denim', 'Elegant']","['Blue', 'Grey', 'White']",Male,25
321,https://shop.iskandar.ml/IMAGES/fashion_322.jpg,"['Vintage', 'Business', 'Elegant']","['Grey', 'Grey', 'Black']",Male,26
322,https://shop.iskandar.ml/IMAGES/fashion_323.jpg,"['Vintage', 'Elegant', 'Casual']","['Grey', 'Black', 'Grey']",Male,Unknown
323,https://shop.iskandar.ml/IMAGES/fashion_324.jpg,"['90s', 'Eclectic', 'Rocker']","['Black', 'Black', 'Black', 'Brown']",Male,Unknown
324,https://shop.iskandar.ml/IMAGES/fashion_325.jpg,"['Elegant', 'Romantic', 'Sexy']","['Red', 'Red']",Male,Unknown
325,https://shop.iskandar.ml/IMAGES/fashion_326.jpg,"['Denim', 'Outdoor', 'Vintage']","['Black', 'White', 'White']",Male,15
326,https://shop.iskandar.ml/IMAGES/fashion_327.jpg,"['Elegant', 'Vintage', 'Romantic']","['Brown', 'Brown']",Male,Unknown
327,https://shop.iskandar.ml/IMAGES/fashion_328.jpg,"['Denim', 'Business', 'Casual']","['Grey', 'White', 'Black', 'White']",Male,23
328,https://shop.iskandar.ml/IMAGES/fashion_329.jpg,"['Casual', 'Business', 'Outdoor']","['Grey', 'Grey']",Male,32
329,https://shop.iskandar.ml/IMAGES/fashion_330.jpg,"['90s', 'Denim', 'Outdoor']","['Grey', 'Brown', 'Black', 'Black']",Male,12
330,https://shop.iskandar.ml/IMAGES/fashion_331.jpg,"['Sexy', 'Vintage', 'Outdoor']","['White', 'Grey', 'Grey', 'Brown']",Male,13
331,https://shop.iskandar.ml/IMAGES/fashion_332.jpg,"['Denim', 'Outdoor', 'Vintage']","['Brown', 'Black', 'White']",Male,25
332,https://shop.iskandar.ml/IMAGES/fashion_333.jpg,"['Outdoor', 'Vintage', 'Sexy']","['Brown', 'Black']",Male,29
333,https://shop.iskandar.ml/IMAGES/fashion_334.jpg,"['Sexy', 'Outdoor', 'Romantic']","['Yellow', 'Yellow']",Male,Unknown
334,https://shop.iskandar.ml/IMAGES/fashion_335.jpg,"['Elegant', 'Sexy', 'Outdoor']","['Black', 'Black', 'Brown']",Male,36
335,https://shop.iskandar.ml/IMAGES/fashion_336.jpg,"['Sexy', 'Elegant', '90s']","['Blue', 'Blue']",Male,26
336,https://shop.iskandar.ml/IMAGES/fashion_337.jpg,"['Elegant', '90s', 'Outdoor']","['White', 'Grey', 'White']",Male,Unknown
337,https://shop.iskandar.ml/IMAGES/fashion_338.jpg,"['Elegant', 'Vintage', 'Business']","['Black', 'Grey']",Male,Unknown
338,https://shop.iskandar.ml/IMAGES/fashion_339.jpg,"['Elegant', 'Business', 'Sexy']","['Grey', 'Grey', 'Grey', 'Brown']",Male,Unknown
339,https://shop.iskandar.ml/IMAGES/fashion_340.jpg,"['Elegant', 'Sexy', 'Bohemian']","['Brown', 'Brown']",Male,34
340,https://shop.iskandar.ml/IMAGES/fashion_341.jpg,"['Outdoor', 'Sexy', 'Denim']","['Brown', 'White', 'Grey', 'Brown']",Male,27
341,https://shop.iskandar.ml/IMAGES/fashion_342.jpg,"['Business', 'Vintage', 'Elegant']","['White', 'Grey', 'White', 'Black']",Male,20
342,https://shop.iskandar.ml/IMAGES/fashion_343.jpg,"['Denim', 'Vintage', 'Outdoor']","['Grey', 'Blue', 'Black']",Male,29
343,https://shop.iskandar.ml/IMAGES/fashion_344.jpg,"['Denim', 'Casual', '90s']","['Grey', 'Black', 'Brown']",Male,31
344,https://shop.iskandar.ml/IMAGES/fashion_345.jpg,"['Elegant', 'Vintage', 'Romantic']","['White', 'Grey']",Male,Unknown
345,https://shop.iskandar.ml/IMAGES/fashion_346.jpg,"['Denim', 'Outdoor', 'Casual']","['Brown', 'Black', 'Blue']",Male,22
346,https://shop.iskandar.ml/IMAGES/fashion_347.jpg,"['Elegant', 'Sexy', 'Vintage']","['Grey', 'Grey', 'Brown']",Male,16
347,https://shop.iskandar.ml/IMAGES/fashion_348.jpg,"['Denim', 'Vintage', 'Outdoor']","['Red', 'Brown', 'Green', 'White']",Male,17
348,https://shop.iskandar.ml/IMAGES/fashion_349.jpg,"['Denim', '90s', 'Vintage']","['Grey', 'Grey', 'Green', 'Grey']",Male,Unknown
349,https://shop.iskandar.ml/IMAGES/fashion_350.jpg,"['Denim', 'Vintage', 'Casual']","['Grey', 'Grey', 'Grey']",Male,22
350,https://shop.iskandar.ml/IMAGES/fashion_351.jpg,"['Bohemian', 'Business', 'Eclectic']","['Black', 'Brown', 'Brown', 'Grey']",Male,33
351,https://shop.iskandar.ml/IMAGES/fashion_352.jpg,"['90s', 'Casual', 'Outdoor']","['Blue', 'Blue']",Male,23
352,https://shop.iskandar.ml/IMAGES/fashion_353.jpg,"['Outdoor', 'Casual', 'Vintage']","['Blue', 'Blue', 'Blue']",Male,Unknown
353,https://shop.iskandar.ml/IMAGES/fashion_354.jpg,"['Denim', 'Outdoor', '90s']","['White', 'Grey', 'Grey', 'Grey']",Male,23
354,https://shop.iskandar.ml/IMAGES/fashion_355.jpg,"['Denim', 'Eclectic', '90s']","['Brown', 'Grey']",Male,33
355,https://shop.iskandar.ml/IMAGES/fashion_356.jpg,"['Vintage', 'Elegant', 'Denim']","['Brown', 'Brown']",Male,22
356,https://shop.iskandar.ml/IMAGES/fashion_357.jpg,"['Elegant', 'Romantic', 'Vintage']","['Grey', 'White', 'White']",Male,Unknown
357,https://shop.iskandar.ml/IMAGES/fashion_358.jpg,"['Business', 'Elegant', 'Vintage']","['White', 'Grey', 'Black']",Male,23
358,https://shop.iskandar.ml/IMAGES/fashion_359.jpg,['Unknown'],['Unknown'],Male,Unknown
359,https://shop.iskandar.ml/IMAGES/fashion_360.jpg,"['90s', 'Elegant', 'Sexy']","['Black', 'Brown', 'White', 'Magenta']",Male,Unknown
360,https://shop.iskandar.ml/IMAGES/fashion_361.jpg,"['Outdoor', 'Bohemian', '90s']","['Blue', 'Blue', 'Brown']",Male,Unknown
361,https://shop.iskandar.ml/IMAGES/fashion_362.jpg,"['Sexy', 'Elegant', 'Business']","['Green', 'Brown']",Male,27
362,https://shop.iskandar.ml/IMAGES/fashion_363.jpg,"['90s', 'Denim', 'Outdoor']","['Grey', 'Black', 'White']",Male,19
363,https://shop.iskandar.ml/IMAGES/fashion_364.jpg,"['Business', 'Vintage', 'Eclectic']","['Black', 'Grey']",Male,21
364,https://shop.iskandar.ml/IMAGES/fashion_365.jpg,"['Business', 'Denim', 'Vintage']","['Grey', 'Brown', 'Grey']",Male,16
365,https://shop.iskandar.ml/IMAGES/fashion_366.jpg,"['Casual', 'Elegant', 'Bohemian']","['Grey', 'Grey', 'Grey']",Male,33
366,https://shop.iskandar.ml/IMAGES/fashion_367.jpg,"['Sexy', 'Outdoor', 'Denim']","['White', 'Black']",Male,18
367,https://shop.iskandar.ml/IMAGES/fashion_368.jpg,"['Denim', 'Outdoor', 'Business']","['Grey', 'Grey', 'White', 'Black']",Male,26
368,https://shop.iskandar.ml/IMAGES/fashion_369.jpg,"['Eclectic', 'Outdoor', 'Vintage']","['Brown', 'Yellow', 'Yellow']",Male,23
369,https://shop.iskandar.ml/IMAGES/fashion_370.jpg,"['Vintage', 'Outdoor', 'Romantic']","['Brown', 'Yellow', 'Yellow', 'Yellow']",Male,Unknown
370,https://shop.iskandar.ml/IMAGES/fashion_371.jpg,"['Casual', 'Business', 'Eclectic']","['Grey', 'Grey', 'Grey']",Male,32
371,https://shop.iskandar.ml/IMAGES/fashion_372.jpg,"['Vintage', 'Casual', 'Eclectic']","['Grey', 'Brown', 'White']",Male,Unknown
372,https://shop.iskandar.ml/IMAGES/fashion_373.jpg,"['Sexy', 'Romantic', 'Outdoor']","['White', 'Brown', 'Black']",Male,Unknown
373,https://shop.iskandar.ml/IMAGES/fashion_374.jpg,"['Denim', 'Sexy', 'Outdoor']","['White', 'Grey', 'Black']",Male,23
374,https://shop.iskandar.ml/IMAGES/fashion_375.jpg,"['Rocker', 'Casual', 'Business']","['Grey', 'Black']",Male,25
375,https://shop.iskandar.ml/IMAGES/fashion_376.jpg,"['Elegant', 'Outdoor', 'Romantic']","['Blue', 'Grey', 'Blue']",Male,20
376,https://shop.iskandar.ml/IMAGES/fashion_377.jpg,"['Denim', 'Business', 'Outdoor']","['Brown', 'White', 'Grey', 'Grey']",Male,13
377,https://shop.iskandar.ml/IMAGES/fashion_378.jpg,"['Denim', 'Casual', 'Business']","['Green', 'Grey', 'Green']",Male,23
378,https://shop.iskandar.ml/IMAGES/fashion_379.jpg,"['Sexy', 'Business', 'Outdoor']","['Grey', 'Grey', 'Grey']",Male,Unknown
379,https://shop.iskandar.ml/IMAGES/fashion_380.jpg,"['Denim', 'Business', 'Elegant']","['Grey', 'White', 'White']",Male,33
380,https://shop.iskandar.ml/IMAGES/fashion_381.jpg,"['Sexy', 'Eclectic', 'Outdoor']","['Red', 'Red']",Male,Unknown
381,https://shop.iskandar.ml/IMAGES/fashion_382.jpg,"['Denim', 'Vintage', 'Outdoor']","['Grey', 'Grey', 'Grey', 'Brown']",Male,28
382,https://shop.iskandar.ml/IMAGES/fashion_383.jpg,"['Business', 'Casual', 'Denim']","['Black', 'Black']",Male,29
383,https://shop.iskandar.ml/IMAGES/fashion_384.jpg,"['Denim', 'Outdoor', 'Casual']","['Grey', 'Brown']",Male,24
384,https://shop.iskandar.ml/IMAGES/fashion_385.jpg,"['90s', 'Denim', 'Outdoor']","['Black', 'Grey']",Male,40
385,https://shop.iskandar.ml/IMAGES/fashion_386.jpg,"['90s', 'Outdoor', 'Eclectic']","['Black', 'Black', 'Black']",Male,Unknown
386,https://shop.iskandar.ml/IMAGES/fashion_387.jpg,"['Sexy', 'Vintage', '90s']","['Grey', 'Grey', 'Brown', 'Brown', 'Brown']",Male,Unknown
387,https://shop.iskandar.ml/IMAGES/fashion_388.jpg,"['Denim', '90s', 'Outdoor']","['Grey', 'Grey', 'Black']",Male,25
388,https://shop.iskandar.ml/IMAGES/fashion_389.jpg,"['90s', 'Outdoor', 'Denim']","['Brown', 'Green', 'White', 'Brown', 'Grey']",Male,Unknown
389,https://shop.iskandar.ml/IMAGES/fashion_390.jpg,"['Vintage', '90s', 'Denim']","['Brown', 'Brown', 'Brown', 'Brown']",Male,Unknown
390,https://shop.iskandar.ml/IMAGES/fashion_391.jpg,"['Business', 'Casual', 'Elegant']","['Grey', 'Brown', 'White', 'White']",Male,25
391,https://shop.iskandar.ml/IMAGES/fashion_393.jpg,"['Denim', '90s', 'Outdoor']","['Green', 'Grey']",Female,23
392,https://shop.iskandar.ml/IMAGES/fashion_394.jpg,"['Sexy', 'Eclectic', 'Romantic']","['Brown', 'White', 'Grey', 'Grey', 'Brown']",Female,Unknown
393,https://shop.iskandar.ml/IMAGES/fashion_395.jpg,"['Outdoor', '90s', 'Vintage']","['Brown', 'White']",Female,33
394,https://shop.iskandar.ml/IMAGES/fashion_396.jpg,"['Outdoor', '90s', 'Eclectic']","['Yellow', 'Yellow', 'Brown']",Female,29
395,https://shop.iskandar.ml/IMAGES/fashion_397.jpg,"['Elegant', 'Business', 'Rocker']","['Brown', 'Black', 'Black']",Female,22
396,https://shop.iskandar.ml/IMAGES/fashion_398.jpg,"['Vintage', 'Outdoor', 'Elegant']","['Grey', 'Grey', 'White']",Female,20
397,https://shop.iskandar.ml/IMAGES/fashion_399.jpg,"['Denim', 'Business', '90s']","['Black', 'Grey', 'Grey']",Female,28
398,https://shop.iskandar.ml/IMAGES/fashion_400.jpg,"['Romantic', 'Elegant', 'Business']","['Brown', 'Black', 'White', 'Grey']",Female,33
399,https://shop.iskandar.ml/IMAGES/fashion_401.jpg,"['Romantic', 'Vintage', 'Casual']","['Grey', 'Grey', 'White', 'Brown']",Female,Unknown
400,https://shop.iskandar.ml/IMAGES/fashion_402.jpg,"['Elegant', 'Eclectic', 'Vintage']","['White', 'White', 'White']",Female,Unknown
401,https://shop.iskandar.ml/IMAGES/fashion_403.jpg,"['90s', 'Vintage', 'Casual']","['Grey', 'Brown', 'Brown', 'Black']",Female,21
402,https://shop.iskandar.ml/IMAGES/fashion_404.jpg,"['Elegant', 'Business', 'Vintage']","['Black', 'White']",Female,20
403,https://shop.iskandar.ml/IMAGES/fashion_405.jpg,"['Business', '90s', 'Elegant']","['White', 'Grey', 'Brown']",Female,41
404,https://shop.iskandar.ml/IMAGES/fashion_406.jpg,"['Sexy', 'Outdoor', '90s']","['Black', 'White']",Female,Unknown
405,https://shop.iskandar.ml/IMAGES/fashion_407.jpg,"['Sexy', 'Elegant', 'Romantic']","['Brown', 'Grey', 'Grey', 'Brown']",Female,34
406,https://shop.iskandar.ml/IMAGES/fashion_408.jpg,"['90s', 'Elegant', 'Business']","['Black', 'Grey', 'Brown']",Female,Unknown
407,https://shop.iskandar.ml/IMAGES/fashion_409.jpg,"['Casual', 'Romantic', 'Vintage']","['Brown', 'Grey', 'Grey']",Female,Unknown
408,https://shop.iskandar.ml/IMAGES/fashion_410.jpg,"['Outdoor', 'Romantic', '90s']","['Grey', 'White', 'Grey']",Female,Unknown
409,https://shop.iskandar.ml/IMAGES/fashion_411.jpg,"['90s', 'Elegant', 'Outdoor']","['Red', 'Magenta', 'White']",Female,19
410,https://shop.iskandar.ml/IMAGES/fashion_412.jpg,"['Bohemian', 'Business', '90s']","['White', 'White']",Female,30
411,https://shop.iskandar.ml/IMAGES/fashion_413.jpg,"['Elegant', 'Romantic', 'Eclectic']","['Grey', 'Black', 'White']",Female,Unknown
412,https://shop.iskandar.ml/IMAGES/fashion_414.jpg,"['Romantic', 'Vintage', 'Elegant']","['Grey', 'Brown']",Female,Unknown
413,https://shop.iskandar.ml/IMAGES/fashion_415.jpg,"['Romantic', 'Elegant', 'Vintage']","['Brown', 'Brown', 'Grey']",Female,26
414,https://shop.iskandar.ml/IMAGES/fashion_416.jpg,"['Sexy', 'Bohemian', 'Outdoor']","['Brown', 'Grey', 'Grey', 'Grey']",Female,Unknown
415,https://shop.iskandar.ml/IMAGES/fashion_417.jpg,"['Vintage', 'Bohemian', 'Outdoor']","['Brown', 'White']",Female,29
416,https://shop.iskandar.ml/IMAGES/fashion_418.jpg,"['Vintage', 'Romantic', 'Elegant']","['White', 'Brown', 'White']",Female,17
417,https://shop.iskandar.ml/IMAGES/fashion_419.jpg,"['Business', 'Elegant', '90s']","['Brown', 'Black']",Female,25
418,https://shop.iskandar.ml/IMAGES/fashion_420.jpg,"['Romantic', 'Casual', 'Elegant']","['Red', 'Brown']",Female,Unknown
419,https://shop.iskandar.ml/IMAGES/fashion_421.jpg,"['90s', 'Elegant', 'Vintage']","['Black', 'Grey']",Female,Unknown
420,https://shop.iskandar.ml/IMAGES/fashion_422.jpg,"['Romantic', 'Vintage', 'Bohemian']","['White', 'Brown', 'Grey']",Female,21
421,https://shop.iskandar.ml/IMAGES/fashion_423.jpg,"['Romantic', 'Vintage', 'Bohemian']","['Grey', 'Brown', 'Grey', 'Grey']",Female,
422,https://shop.iskandar.ml/IMAGES/fashion_424.jpg,"['Elegant', 'Business', 'Romantic']","['Brown', 'Black', 'Black']",Female,27
423,https://shop.iskandar.ml/IMAGES/fashion_425.jpg,"['Business', 'Elegant', '90s']","['Brown', 'Grey']",Female,16
424,https://shop.iskandar.ml/IMAGES/fashion_426.jpg,['Unknown'],['Unknown'],Female,40
425,https://shop.iskandar.ml/IMAGES/fashion_427.jpg,"['Vintage', 'Bohemian', 'Romantic']","['Black', 'Grey', 'Brown', 'Grey']",Female,Unknown
426,https://shop.iskandar.ml/IMAGES/fashion_428.jpg,"['90s', 'Romantic', 'Outdoor']","['White', 'Grey', 'Grey']",Female,22
427,https://shop.iskandar.ml/IMAGES/fashion_429.jpg,"['Elegant', 'Romantic', 'Business']","['White', 'Grey', 'Black']",Female,33
428,https://shop.iskandar.ml/IMAGES/fashion_430.jpg,"['Romantic', 'Business', 'Elegant']","['White', 'White', 'Brown']",Female,Unknown
429,https://shop.iskandar.ml/IMAGES/fashion_431.jpg,"['Romantic', 'Bohemian', 'Casual']","['White', 'Grey']",Female,19
430,https://shop.iskandar.ml/IMAGES/fashion_432.jpg,"['Rocker', '90s', 'Eclectic']","['Grey', 'Brown', 'Grey', 'Grey']",Female,17
431,https://shop.iskandar.ml/IMAGES/fashion_433.jpg,"['Outdoor', 'Denim', '90s']","['Brown', 'White']",Female,16
432,https://shop.iskandar.ml/IMAGES/fashion_434.jpg,"['Rocker', '90s', 'Outdoor']","['Red', 'Grey', 'Brown', 'Black']",Female,
433,https://shop.iskandar.ml/IMAGES/fashion_435.jpg,"['Sexy', 'Business', 'Elegant']","['Grey', 'Blue', 'Brown']",Female,18
434,https://shop.iskandar.ml/IMAGES/fashion_436.jpg,"['Outdoor', 'Eclectic', 'Elegant']","['Red', 'Blue', 'White']",Female,41
435,https://shop.iskandar.ml/IMAGES/fashion_437.jpg,"['Romantic', 'Elegant', '90s']","['Grey', 'Black', 'Brown', 'Grey']",Female,19
436,https://shop.iskandar.ml/IMAGES/fashion_438.jpg,"['Denim', 'Casual', 'Outdoor']",['Blue'],Female,Unknown
437,https://shop.iskandar.ml/IMAGES/fashion_439.jpg,"['Outdoor', '90s', 'Business']",['White'],Female,29
438,https://shop.iskandar.ml/IMAGES/fashion_440.jpg,"['Vintage', 'Romantic', '90s']","['Brown', 'Grey', 'Grey', 'Grey']",Female,Unknown
439,https://shop.iskandar.ml/IMAGES/fashion_441.jpg,"['Romantic', 'Vintage', 'Business']","['Grey', 'Grey', 'White']",Female,13
440,https://shop.iskandar.ml/IMAGES/fashion_442.jpg,"['Casual', 'Business', 'Sexy']","['Grey', 'Brown', 'Grey']",Female,23
441,https://shop.iskandar.ml/IMAGES/fashion_443.jpg,"['Business', 'Romantic', 'Outdoor']","['Grey', 'Grey', 'Black']",Female,19
442,https://shop.iskandar.ml/IMAGES/fashion_444.jpg,"['Elegant', 'Romantic', 'Business']","['Grey', 'White', 'Grey']",Female,Unknown
443,https://shop.iskandar.ml/IMAGES/fashion_445.jpg,"['Outdoor', 'Vintage', 'Casual']","['Brown', 'Magenta', 'Brown', 'Black']",Female,20
444,https://shop.iskandar.ml/IMAGES/fashion_446.jpg,"['90s', 'Eclectic', 'Outdoor']","['Grey', 'Black', 'Grey', 'Grey']",Female,33
445,https://shop.iskandar.ml/IMAGES/fashion_447.jpg,"['Sexy', 'Elegant', '90s']","['Black', 'Black']",Female,31
446,https://shop.iskandar.ml/IMAGES/fashion_448.jpg,"['Vintage', 'Romantic', 'Bohemian']","['Grey', 'White', 'Brown', 'Grey']",Female,Unknown
447,https://shop.iskandar.ml/IMAGES/fashion_449.jpg,"['Sexy', 'Denim', '90s']","['Grey', 'Grey', 'White', 'Grey']",Female,27
448,https://shop.iskandar.ml/IMAGES/fashion_450.jpg,"['Vintage', '90s', 'Eclectic']","['Black', 'White', 'Black', 'Brown']",Female,Unknown
449,https://shop.iskandar.ml/IMAGES/fashion_451.jpg,['Unknown'],['Unknown'],Female,Unknown
450,https://shop.iskandar.ml/IMAGES/fashion_452.jpg,"['Romantic', 'Vintage', 'Elegant']","['Grey', 'Grey', 'White', 'Grey']",Female,Unknown
451,https://shop.iskandar.ml/IMAGES/fashion_453.jpg,"['90s', 'Rocker', 'Outdoor']","['Black', 'Grey', 'Black']",Female,29
452,https://shop.iskandar.ml/IMAGES/fashion_454.jpg,"['Sexy', 'Casual', 'Vintage']","['Brown', 'Brown', 'Grey', 'Brown']",Female,Unknown
453,https://shop.iskandar.ml/IMAGES/fashion_455.jpg,"['Bohemian', 'Outdoor', 'Eclectic']","['White', 'Brown', 'Grey']",Female,Unknown
454,https://shop.iskandar.ml/IMAGES/fashion_456.jpg,"['Elegant', '90s', 'Outdoor']","['Grey', 'White']",Female,22
455,https://shop.iskandar.ml/IMAGES/fashion_457.jpg,['Unknown'],['Unknown'],Female,Unknown
456,https://shop.iskandar.ml/IMAGES/fashion_458.jpg,"['Outdoor', 'Denim', '90s']","['Black', 'Black']",Female,22
457,https://shop.iskandar.ml/IMAGES/fashion_459.jpg,"['90s', 'Casual', 'Outdoor']","['Grey', 'Brown', 'Black']",Female,35
458,https://shop.iskandar.ml/IMAGES/fashion_460.jpg,"['Business', 'Sexy', 'Elegant']","['Black', 'Black']",Female,Unknown
459,https://shop.iskandar.ml/IMAGES/fashion_461.jpg,"['Denim', 'Outdoor', '90s']","['Grey', 'Grey']",Female,19
460,https://shop.iskandar.ml/IMAGES/fashion_462.jpg,"['Sexy', 'Elegant', 'Outdoor']","['Grey', 'Black', 'Brown']",Female,16
461,https://shop.iskandar.ml/IMAGES/fashion_463.jpg,"['90s', 'Casual', 'Denim']","['Black', 'Black', 'Black']",Female,11
462,https://shop.iskandar.ml/IMAGES/fashion_464.jpg,"['Vintage', 'Eclectic', 'Sexy']","['Grey', 'Blue', 'Magenta', 'Magenta']",Female,Unknown
463,https://shop.iskandar.ml/IMAGES/fashion_465.jpg,"['Sexy', 'Bohemian', 'Vintage']","['White', 'Grey', 'Grey', 'Brown']",Female,13
464,https://shop.iskandar.ml/IMAGES/fashion_466.jpg,"['Denim', 'Casual', 'Business']","['White', 'Grey']",Female,27
465,https://shop.iskandar.ml/IMAGES/fashion_467.jpg,"['Business', 'Elegant', 'Denim']","['Grey', 'White', 'White']",Female,21
466,https://shop.iskandar.ml/IMAGES/fashion_468.jpg,"['Elegant', 'Vintage', 'Outdoor']","['White', 'Black']",Female,18
467,https://shop.iskandar.ml/IMAGES/fashion_469.jpg,"['Romantic', 'Vintage', 'Elegant']","['White', 'Brown']",Female,25
468,https://shop.iskandar.ml/IMAGES/fashion_470.jpg,"['Rocker', '90s', 'Sexy']","['Blue', 'Blue']",Female,22
469,https://shop.iskandar.ml/IMAGES/fashion_471.jpg,"['Elegant', 'Sexy', 'Business']","['Black', 'Black']",Female,28
470,https://shop.iskandar.ml/IMAGES/fashion_472.jpg,"['Vintage', 'Romantic', 'Casual']","['White', 'Grey', 'Brown', 'Black']",Female,24
471,https://shop.iskandar.ml/IMAGES/fashion_473.jpg,"['Eclectic', 'Bohemian', 'Casual']","['Grey', 'White', 'Brown']",Female,
472,https://shop.iskandar.ml/IMAGES/fashion_474.jpg,"['Vintage', 'Outdoor', 'Eclectic']","['Black', 'Black', 'Grey']",Female,Unknown
473,https://shop.iskandar.ml/IMAGES/fashion_475.jpg,"['Business', 'Elegant', 'Casual']","['Black', 'White', 'Black', 'Grey']",Female,16
474,https://shop.iskandar.ml/IMAGES/fashion_476.jpg,"['Business', 'Elegant', 'Outdoor']","['Grey', 'Grey', 'White']",Female,26
475,https://shop.iskandar.ml/IMAGES/fashion_477.jpg,"['Romantic', 'Elegant', 'Business']","['Brown', 'White', 'Grey']",Female,20
476,https://shop.iskandar.ml/IMAGES/fashion_478.jpg,"['Romantic', 'Business', 'Elegant']","['Brown', 'Yellow', 'White']",Female,28
477,https://shop.iskandar.ml/IMAGES/fashion_479.jpg,"['90s', 'Sexy', 'Outdoor']","['Black', 'Black']",Female,Unknown
478,https://shop.iskandar.ml/IMAGES/fashion_480.jpg,"['Romantic', 'Bohemian', 'Vintage']","['Brown', 'Grey', 'White', 'White']",Female,Unknown
479,https://shop.iskandar.ml/IMAGES/fashion_481.jpg,"['Bohemian', 'Business', 'Romantic']","['Brown', 'Grey', 'White']",Female,34
480,https://shop.iskandar.ml/IMAGES/fashion_482.jpg,"['Vintage', 'Outdoor', 'Sexy']","['White', 'Grey', 'Brown', 'Brown']",Female,Unknown
481,https://shop.iskandar.ml/IMAGES/fashion_483.jpg,"['Vintage', 'Eclectic', 'Elegant']","['Black', 'White']",Female,14
482,https://shop.iskandar.ml/IMAGES/fashion_484.jpg,"['Outdoor', 'Eclectic', 'Business']","['Grey', 'White', 'Brown', 'Green']",Female,17
483,https://shop.iskandar.ml/IMAGES/fashion_485.jpg,"['Romantic', 'Vintage', '90s']","['Grey', 'Grey', 'Grey', 'White']",Female,Unknown
484,https://shop.iskandar.ml/IMAGES/fashion_486.jpg,"['Vintage', 'Romantic', 'Elegant']","['Brown', 'White', 'Grey', 'Brown']",Female,Unknown
485,https://shop.iskandar.ml/IMAGES/fashion_487.jpg,"['Business', 'Elegant', 'Romantic']","['White', 'Brown', 'Black']",Female,31
486,https://shop.iskandar.ml/IMAGES/fashion_488.jpg,"['Sexy', 'Bohemian', 'Eclectic']","['Grey', 'Grey', 'Yellow', 'Red']",Female,Unknown
487,https://shop.iskandar.ml/IMAGES/fashion_489.jpg,"['90s', 'Rocker', 'Eclectic']","['Black', 'Black', 'Black']",Female,Unknown
488,https://shop.iskandar.ml/IMAGES/fashion_490.jpg,"['90s', 'Outdoor', 'Rocker']","['Grey', 'White', 'Black']",Female,19
489,https://shop.iskandar.ml/IMAGES/fashion_491.jpg,['Unknown'],['Unknown'],Female,Unknown
490,https://shop.iskandar.ml/IMAGES/fashion_492.jpg,"['Business', 'Romantic', 'Elegant']","['Grey', 'White', 'Black']",Female,25
491,https://shop.iskandar.ml/IMAGES/fashion_493.jpg,"['Elegant', 'Vintage', 'Bohemian']","['Grey', 'Grey', 'White']",Female,Unknown
492,https://shop.iskandar.ml/IMAGES/fashion_494.jpg,"['90s', 'Denim', 'Casual']","['Brown', 'Grey', 'Grey']",Female,14
493,https://shop.iskandar.ml/IMAGES/fashion_495.jpg,"['Bohemian', '90s', 'Denim']","['Grey', 'Brown', 'White']",Female,17
494,https://shop.iskandar.ml/IMAGES/fashion_496.jpg,"['Bohemian', 'Romantic', 'Vintage']","['White', 'Grey', 'Grey', 'Brown']",Female,18
495,https://shop.iskandar.ml/IMAGES/fashion_497.jpg,['Unknown'],['Unknown'],Female,22
496,https://shop.iskandar.ml/IMAGES/fashion_498.jpg,"['Business', 'Sexy', 'Elegant']","['Black', 'Black']",Female,19
497,https://shop.iskandar.ml/IMAGES/fashion_499.jpg,['Unknown'],['Unknown'],Female,Unknown
498,https://shop.iskandar.ml/IMAGES/fashion_500.jpg,"['90s', 'Denim', 'Outdoor']","['White', 'Blue']",Female,22
499,https://shop.iskandar.ml/IMAGES/fashion_501.jpg,"['90s', 'Denim', 'Outdoor']","['Grey', 'White', 'Blue', 'White', 'Grey']",Female,Unknown
500,https://shop.iskandar.ml/IMAGES/fashion_502.jpg,"['Elegant', '90s', 'Rocker']","['Black', 'Brown']",Female,30
501,https://shop.iskandar.ml/IMAGES/fashion_503.jpg,"['Outdoor', 'Casual', '90s']","['Brown', 'Brown', 'Brown', 'Brown']",Female,23
502,https://shop.iskandar.ml/IMAGES/fashion_504.jpg,"['Business', 'Casual', 'Sexy']","['White', 'Grey']",Female,22
503,https://shop.iskandar.ml/IMAGES/fashion_505.jpg,"['90s', 'Outdoor', 'Romantic']","['Grey', 'Brown']",Female,Unknown
504,https://shop.iskandar.ml/IMAGES/fashion_506.jpg,"['Bohemian', 'Business', 'Eclectic']","['Black', 'Blue', 'White', 'Grey', 'Brown']",Female,33
505,https://shop.iskandar.ml/IMAGES/fashion_507.jpg,"['Outdoor', 'Vintage', 'Romantic']","['White', 'Brown', 'Grey']",Female,18
506,https://shop.iskandar.ml/IMAGES/fashion_508.jpg,"['Elegant', 'Romantic', 'Bohemian']","['Grey', 'Grey', 'Brown']",Female,27
507,https://shop.iskandar.ml/IMAGES/fashion_509.jpg,"['Vintage', '90s', 'Casual']","['Red', 'Grey', 'White']",Female,26
508,https://shop.iskandar.ml/IMAGES/fashion_510.jpg,"['90s', 'Business', 'Outdoor']","['Black', 'Grey', 'Black']",Female,23
509,https://shop.iskandar.ml/IMAGES/fashion_511.jpg,"['Romantic', 'Elegant', 'Business']","['Black', 'White']",Female,32
510,https://shop.iskandar.ml/IMAGES/fashion_512.jpg,"['Casual', 'Outdoor', '90s']","['Black', 'Black']",Female,19
511,https://shop.iskandar.ml/IMAGES/fashion_513.jpg,"['Business', 'Elegant', 'Denim']","['White', 'White']",Female,24
512,https://shop.iskandar.ml/IMAGES/fashion_514.jpg,"['Romantic', 'Outdoor', 'Bohemian']","['White', 'Brown']",Female,21
513,https://shop.iskandar.ml/IMAGES/fashion_515.jpg,"['Business', 'Denim', 'Casual']","['Brown', 'Grey', 'Brown', 'Grey']",Female,Unknown
514,https://shop.iskandar.ml/IMAGES/fashion_516.jpg,"['Romantic', 'Elegant', 'Business']","['White', 'Grey', 'Brown']",Female,Unknown
515,https://shop.iskandar.ml/IMAGES/fashion_517.jpg,"['Sexy', '90s', 'Eclectic']","['Brown', 'Black', 'Grey']",Female,18
516,https://shop.iskandar.ml/IMAGES/fashion_518.jpg,"['Romantic', 'Vintage', 'Outdoor']","['White', 'Brown', 'Brown']",Female,19
517,https://shop.iskandar.ml/IMAGES/fashion_519.jpg,"['Romantic', 'Outdoor', 'Elegant']","['Brown', 'White', 'Brown']",Female,Unknown
518,https://shop.iskandar.ml/IMAGES/fashion_520.jpg,"['Elegant', 'Romantic', 'Bohemian']","['Grey', 'White', 'Black']",Female,Unknown
519,https://shop.iskandar.ml/IMAGES/fashion_521.jpg,"['Romantic', 'Elegant', 'Sexy']","['Brown', 'Grey']",Female,10
520,https://shop.iskandar.ml/IMAGES/fashion_522.jpg,"['Casual', 'Sexy', 'Outdoor']","['Black', 'Black']",Female,15
521,https://shop.iskandar.ml/IMAGES/fashion_523.jpg,"['90s', 'Outdoor', 'Rocker']","['Brown', 'White', 'White']",Female,32
522,https://shop.iskandar.ml/IMAGES/fashion_524.jpg,"['90s', 'Elegant', 'Romantic']","['Black', 'Grey', 'Grey']",Female,22
523,https://shop.iskandar.ml/IMAGES/fashion_525.jpg,"['Elegant', 'Romantic', '90s']","['Grey', 'Black', 'Grey']",Female,37
524,https://shop.iskandar.ml/IMAGES/fashion_526.jpg,"['90s', 'Bohemian', 'Vintage']","['Green', 'Black', 'Black']",Female,25
525,https://shop.iskandar.ml/IMAGES/fashion_527.jpg,"['Vintage', 'Romantic', 'Elegant']","['White', 'Brown', 'Blue']",Female,27
526,https://shop.iskandar.ml/IMAGES/fashion_528.jpg,"['Romantic', 'Elegant', 'Bohemian']","['Green', 'Grey']",Female,Unknown
527,https://shop.iskandar.ml/IMAGES/fashion_529.jpg,"['Elegant', 'Bohemian', 'Business']","['Grey', 'Grey', 'Grey']",Female,35
528,https://shop.iskandar.ml/IMAGES/fashion_530.jpg,"['Sexy', 'Outdoor', 'Romantic']","['Brown', 'Grey', 'Grey']",Female,17
529,https://shop.iskandar.ml/IMAGES/fashion_531.jpg,"['Denim', '90s', 'Outdoor']","['Brown', 'Grey']",Female,12
530,https://shop.iskandar.ml/IMAGES/fashion_532.jpg,"['Outdoor', 'Bohemian', 'Rocker']","['Grey', 'Black']",Female,27
531,https://shop.iskandar.ml/IMAGES/fashion_533.jpg,"['Casual', 'Outdoor', 'Romantic']","['Grey', 'White']",Female,
532,https://shop.iskandar.ml/IMAGES/fashion_534.jpg,"['Romantic', 'Business', 'Elegant']","['Brown', 'White', 'Grey', 'Grey']",Female,Unknown
533,https://shop.iskandar.ml/IMAGES/fashion_535.jpg,"['Business', 'Casual', 'Eclectic']","['Grey', 'Brown', 'Grey']",Female,Unknown
534,https://shop.iskandar.ml/IMAGES/fashion_536.jpg,"['Business', 'Sexy', 'Denim']","['Black', 'Black']",Female,33
535,https://shop.iskandar.ml/IMAGES/fashion_537.jpg,"['90s', 'Casual', 'Bohemian']","['Grey', 'White', 'Brown']",Female,21
536,https://shop.iskandar.ml/IMAGES/fashion_538.jpg,"['Vintage', 'Romantic', 'Eclectic']","['Brown', 'Grey', 'Brown']",Female,26
537,https://shop.iskandar.ml/IMAGES/fashion_539.jpg,"['Elegant', '90s', 'Sexy']","['White', 'White']",Female,28
538,https://shop.iskandar.ml/IMAGES/fashion_540.jpg,"['90s', 'Bohemian', 'Outdoor']","['Grey', 'Brown', 'Black']",Female,Unknown
539,https://shop.iskandar.ml/IMAGES/fashion_541.jpg,"['Sexy', 'Casual', 'Outdoor']","['Brown', 'White', 'White']",Female,13
540,https://shop.iskandar.ml/IMAGES/fashion_542.jpg,"['90s', 'Business', 'Vintage']","['Grey', 'Grey', 'Brown', 'White']",Female,14
541,https://shop.iskandar.ml/IMAGES/fashion_543.jpg,"['Romantic', 'Business', 'Elegant']","['White', 'Black']",Female,31
542,https://shop.iskandar.ml/IMAGES/fashion_544.jpg,"['Vintage', 'Elegant', 'Romantic']","['Brown', 'Grey', 'White', 'Black', 'Brown']",Female,18
543,https://shop.iskandar.ml/IMAGES/fashion_545.jpg,"['90s', 'Elegant', 'Outdoor']","['Black', 'Black', 'Black', 'Black']",Female,Unknown
544,https://shop.iskandar.ml/IMAGES/fashion_546.jpg,"['Vintage', 'Romantic', 'Eclectic']","['White', 'Grey', 'Grey', 'Grey']",Female,22
545,https://shop.iskandar.ml/IMAGES/fashion_547.jpg,"['Eclectic', 'Bohemian', 'Rocker']","['Grey', 'Brown', 'Brown', 'White']",Female,27
546,https://shop.iskandar.ml/IMAGES/fashion_548.jpg,"['Elegant', 'Bohemian', 'Vintage']","['Grey', 'Brown']",Female,21
547,https://shop.iskandar.ml/IMAGES/fashion_549.jpg,"['90s', 'Sexy', 'Eclectic']","['Brown', 'Black', 'Black']",Female,32
548,https://shop.iskandar.ml/IMAGES/fashion_550.jpg,"['Business', 'Casual', 'Elegant']","['Brown', 'Black']",Female,Unknown
549,https://shop.iskandar.ml/IMAGES/fashion_551.jpg,"['Sexy', 'Denim', 'Elegant']","['Black', 'Black']",Female,Unknown
550,https://shop.iskandar.ml/IMAGES/fashion_552.jpg,"['Vintage', 'Eclectic', '90s']","['Black', 'Grey', 'Brown']",Female,13
551,https://shop.iskandar.ml/IMAGES/fashion_553.jpg,"['Vintage', 'Romantic', 'Eclectic']","['Black', 'Yellow', 'Yellow']",Female,20
552,https://shop.iskandar.ml/IMAGES/fashion_554.jpg,"['90s', 'Sexy', 'Vintage']","['Blue', 'White', 'Blue']",Female,Unknown
553,https://shop.iskandar.ml/IMAGES/fashion_555.jpg,"['Business', '90s', 'Casual']","['Black', 'Black']",Female,19
554,https://shop.iskandar.ml/IMAGES/fashion_556.jpg,"['Sexy', '90s', 'Outdoor']","['Black', 'Black']",Female,Unknown
555,https://shop.iskandar.ml/IMAGES/fashion_557.jpg,"['Vintage', 'Business', 'Outdoor']",['White'],Female,Unknown
556,https://shop.iskandar.ml/IMAGES/fashion_558.jpg,"['90s', 'Elegant', 'Business']","['Black', 'Grey', 'Black']",Female,30
557,https://shop.iskandar.ml/IMAGES/fashion_559.jpg,"['Sexy', 'Elegant', 'Business']","['Black', 'Black', 'Black']",Female,27
558,https://shop.iskandar.ml/IMAGES/fashion_560.jpg,"['90s', 'Outdoor', 'Eclectic']","['Brown', 'Grey', 'Grey']",Female,23
559,https://shop.iskandar.ml/IMAGES/fashion_561.jpg,"['Elegant', 'Business', 'Vintage']","['Brown', 'Black']",Female,16
560,https://shop.iskandar.ml/IMAGES/fashion_562.jpg,"['90s', 'Outdoor', 'Casual']","['Grey', 'Brown', 'White']",Female,20
561,https://shop.iskandar.ml/IMAGES/fashion_563.jpg,"['90s', 'Outdoor', 'Bohemian']","['Grey', 'White', 'Black']",Female,Unknown
562,https://shop.iskandar.ml/IMAGES/fashion_564.jpg,['Unknown'],['Unknown'],Female,Unknown
563,https://shop.iskandar.ml/IMAGES/fashion_565.jpg,"['Elegant', 'Business', 'Vintage']","['Grey', 'Red']",Female,30
564,https://shop.iskandar.ml/IMAGES/fashion_566.jpg,"['Romantic', 'Vintage', 'Elegant']","['Grey', 'Brown', 'Brown', 'White']",Female,Unknown
565,https://shop.iskandar.ml/IMAGES/fashion_567.jpg,"['Elegant', 'Outdoor', 'Sexy']","['Yellow', 'Red', 'Brown']",Female,Unknown
566,https://shop.iskandar.ml/IMAGES/fashion_568.jpg,['Unknown'],['Unknown'],Female,Unknown
567,https://shop.iskandar.ml/IMAGES/fashion_569.jpg,"['90s', 'Rocker', 'Outdoor']","['White', 'Brown', 'Brown', 'Black']",Female,33
568,https://shop.iskandar.ml/IMAGES/fashion_570.jpg,"['90s', 'Denim', 'Vintage']","['Grey', 'Brown', 'White']",Female,Unknown
569,https://shop.iskandar.ml/IMAGES/fashion_571.jpg,"['Denim', '90s', 'Outdoor']","['Grey', 'Grey', 'Grey']",Female,Unknown
570,https://shop.iskandar.ml/IMAGES/fashion_572.jpg,"['Business', 'Casual', 'Outdoor']","['Green', 'Grey']",Female,20
571,https://shop.iskandar.ml/IMAGES/fashion_573.jpg,"['Outdoor', 'Elegant', 'Casual']","['Red', 'White', 'Black', 'Red']",Female,26
572,https://shop.iskandar.ml/IMAGES/fashion_574.jpg,"['90s', 'Eclectic', 'Casual']","['Grey', 'Black', 'Black']",Female,Unknown
573,https://shop.iskandar.ml/IMAGES/fashion_575.jpg,"['Romantic', 'Outdoor', 'Elegant']","['White', 'Brown', 'Brown', 'Grey']",Female,32
574,https://shop.iskandar.ml/IMAGES/fashion_576.jpg,"['Elegant', 'Sexy', 'Romantic']","['Black', 'Black']",Female,18
575,https://shop.iskandar.ml/IMAGES/fashion_577.jpg,"['90s', 'Casual', 'Outdoor']","['Grey', 'Grey', 'Black']",Female,26
576,https://shop.iskandar.ml/IMAGES/fashion_578.jpg,"['Business', 'Elegant', 'Vintage']","['Grey', 'White']",Female,18
577,https://shop.iskandar.ml/IMAGES/fashion_579.jpg,"['90s', 'Denim', 'Bohemian']","['Grey', 'White', 'Grey']",Female,30
578,https://shop.iskandar.ml/IMAGES/fashion_580.jpg,"['Romantic', 'Elegant', 'Casual']","['White', 'Grey']",Female,21
579,https://shop.iskandar.ml/IMAGES/fashion_581.jpg,"['Denim', 'Eclectic', 'Business']","['White', 'Grey', 'Grey']",Female,Unknown
580,https://shop.iskandar.ml/IMAGES/fashion_582.jpg,"['Elegant', 'Romantic', 'Business']","['Brown', 'Grey']",Female,25
581,https://shop.iskandar.ml/IMAGES/fashion_583.jpg,"['Sexy', 'Romantic', 'Elegant']","['Black', 'Grey', 'White']",Female,Unknown
582,https://shop.iskandar.ml/IMAGES/fashion_584.jpg,"['Rocker', 'Eclectic', '90s']","['Grey', 'Black']",Female,21
583,https://shop.iskandar.ml/IMAGES/fashion_585.jpg,"['Outdoor', 'Eclectic', 'Bohemian']","['Blue', 'Blue', 'Black']",Female,39
584,https://shop.iskandar.ml/IMAGES/fashion_586.jpg,"['90s', 'Business', 'Vintage']","['Grey', 'White']",Female,Unknown
585,https://shop.iskandar.ml/IMAGES/fashion_587.jpg,"['Romantic', '90s', 'Vintage']","['Brown', 'White', 'Black', 'Brown']",Female,23
586,https://shop.iskandar.ml/IMAGES/fashion_588.jpg,"['Sexy', '90s', 'Business']","['Black', 'Red']",Female,28
587,https://shop.iskandar.ml/IMAGES/fashion_589.jpg,"['90s', 'Denim', 'Outdoor']","['Brown', 'Grey', 'Black']",Female,29
588,https://shop.iskandar.ml/IMAGES/fashion_590.jpg,"['Romantic', 'Elegant', 'Vintage']","['Black', 'Black', 'Brown']",Female,26
589,https://shop.iskandar.ml/IMAGES/fashion_591.jpg,"['Vintage', 'Romantic', 'Outdoor']","['White', 'Yellow', 'Brown']",Female,Unknown
590,https://shop.iskandar.ml/IMAGES/fashion_592.jpg,"['Romantic', 'Vintage', 'Elegant']","['Grey', 'Grey', 'Brown']",Female,Unknown
591,https://shop.iskandar.ml/IMAGES/fashion_593.jpg,"['90s', 'Eclectic', 'Casual']","['Grey', 'Black', 'Grey']",Female,31
592,https://shop.iskandar.ml/IMAGES/fashion_594.jpg,['Unknown'],['Unknown'],Female,25
593,https://shop.iskandar.ml/IMAGES/fashion_595.jpg,"['Eclectic', 'Outdoor', 'Bohemian']","['Grey', 'Grey']",Female,19
594,https://shop.iskandar.ml/IMAGES/fashion_596.jpg,"['Romantic', 'Elegant', 'Bohemian']","['White', 'Grey', 'White']",Female,Unknown
595,https://shop.iskandar.ml/IMAGES/fashion_597.jpg,"['Vintage', 'Denim', 'Eclectic']","['Red', 'Red', 'Red']",Female,12
596,https://shop.iskandar.ml/IMAGES/fashion_598.jpg,"['90s', 'Outdoor', 'Vintage']","['Grey', 'Brown']",Female,13
597,https://shop.iskandar.ml/IMAGES/fashion_599.jpg,"['90s', 'Casual', 'Outdoor']","['Red', 'Brown', 'Brown', 'Red']",Female,33
598,https://shop.iskandar.ml/IMAGES/fashion_600.jpg,"['90s', 'Denim', 'Outdoor']","['Black', 'Grey', 'Grey']",Female,33
599,https://shop.iskandar.ml/IMAGES/fashion_601.jpg,"['Business', 'Casual', 'Vintage']","['Black', 'Grey']",Female,29
600,https://shop.iskandar.ml/IMAGES/fashion_602.jpg,"['90s', 'Eclectic', 'Vintage']","['Grey', 'Green']",Female,34
601,https://shop.iskandar.ml/IMAGES/fashion_603.jpg,"['Sexy', 'Casual', 'Outdoor']","['Grey', 'Black', 'Black']",Female,20
602,https://shop.iskandar.ml/IMAGES/fashion_604.jpg,"['90s', 'Eclectic', 'Elegant']","['Black', 'Black']",Female,41
603,https://shop.iskandar.ml/IMAGES/fashion_605.jpg,"['Sexy', 'Romantic', 'Bohemian']","['Grey', 'White', 'Grey']",Female,21
604,https://shop.iskandar.ml/IMAGES/fashion_606.jpg,"['Outdoor', '90s', 'Vintage']","['Grey', 'White']",Female,Unknown
605,https://shop.iskandar.ml/IMAGES/fashion_607.jpg,"['Outdoor', 'Vintage', 'Casual']","['Brown', 'Grey', 'Grey']",Female,28
606,https://shop.iskandar.ml/IMAGES/fashion_608.jpg,"['Outdoor', 'Vintage', 'Romantic']","['Brown', 'Grey', 'Grey']",Female,Unknown
607,https://shop.iskandar.ml/IMAGES/fashion_609.jpg,"['Romantic', 'Elegant', 'Business']","['Grey', 'White', 'White']",Female,34
608,https://shop.iskandar.ml/IMAGES/fashion_610.jpg,"['Bohemian', 'Vintage', 'Elegant']","['Grey', 'Grey', 'Blue']",Female,Unknown
609,https://shop.iskandar.ml/IMAGES/fashion_612.jpg,"['Denim', 'Casual', 'Business']","['White', 'Grey']",Female,21
610,https://shop.iskandar.ml/IMAGES/fashion_613.jpg,"['Business', 'Vintage', 'Elegant']","['White', 'White', 'Brown']",Female,Unknown
611,https://shop.iskandar.ml/IMAGES/fashion_614.jpg,"['Bohemian', 'Outdoor', 'Romantic']","['White', 'Grey']",Female,Unknown
612,https://shop.iskandar.ml/IMAGES/fashion_615.jpg,"['Romantic', 'Denim', 'Rocker']","['White', 'Brown', 'White']",Female,Unknown
613,https://shop.iskandar.ml/IMAGES/fashion_616.jpg,"['Romantic', 'Vintage', 'Elegant']","['Brown', 'Blue', 'Grey']",Female,Unknown
614,https://shop.iskandar.ml/IMAGES/fashion_617.jpg,"['Eclectic', 'Romantic', 'Business']","['Grey', 'White']",Female,Unknown
615,https://shop.iskandar.ml/IMAGES/fashion_618.jpg,"['Romantic', 'Vintage', 'Business']",['Grey'],Female,15
616,https://shop.iskandar.ml/IMAGES/fashion_619.jpg,"['Elegant', '90s', 'Sexy']","['White', 'Cyan', 'Blue']",Female,Unknown
617,https://shop.iskandar.ml/IMAGES/fashion_620.jpg,['Unknown'],['Unknown'],Female,Unknown
618,https://shop.iskandar.ml/IMAGES/fashion_621.jpg,"['Vintage', 'Elegant', 'Casual']","['Blue', 'Grey', 'White', 'Magenta']",Female,Unknown
619,https://shop.iskandar.ml/IMAGES/fashion_622.jpg,"['Eclectic', 'Casual', 'Outdoor']","['Brown', 'Brown', 'Brown']",Female,33
620,https://shop.iskandar.ml/IMAGES/fashion_623.jpg,"['Business', '90s', 'Bohemian']","['White', 'White', 'Black']",Female,31
621,https://shop.iskandar.ml/IMAGES/fashion_624.jpg,"['Romantic', 'Vintage', 'Elegant']","['White', 'Grey', 'White']",Female,18
622,https://shop.iskandar.ml/IMAGES/fashion_625.jpg,"['Business', 'Denim', 'Vintage']","['Grey', 'Grey', 'White']",Female,26
623,https://shop.iskandar.ml/IMAGES/fashion_626.jpg,"['Elegant', 'Romantic', 'Bohemian']","['Brown', 'Grey', 'White', 'Grey']",Female,24
624,https://shop.iskandar.ml/IMAGES/fashion_627.jpg,"['Romantic', 'Outdoor', 'Elegant']","['Black', 'Brown', 'Magenta', 'Red', 'Grey']",Female,18
625,https://shop.iskandar.ml/IMAGES/fashion_628.jpg,"['Elegant', 'Vintage', 'Romantic']","['Brown', 'Black', 'Black']",Female,Unknown
626,https://shop.iskandar.ml/IMAGES/fashion_629.jpg,"['Elegant', '90s', 'Vintage']","['Grey', 'White', 'Brown']",Female,22
627,https://shop.iskandar.ml/IMAGES/fashion_630.jpg,"['Elegant', 'Vintage', 'Romantic']","['Grey', 'Brown']",Female,21
628,https://shop.iskandar.ml/IMAGES/fashion_631.jpg,"['Business', 'Elegant', 'Casual']","['Black', 'Black', 'Black']",Female,18
629,https://shop.iskandar.ml/IMAGES/fashion_632.jpg,"['90s', 'Denim', 'Outdoor']","['Grey', 'Black', 'Black']",Female,Unknown
630,https://shop.iskandar.ml/IMAGES/fashion_633.jpg,"['Elegant', 'Business', 'Sexy']","['Grey', 'Brown', 'Grey']",Female,Unknown
631,https://shop.iskandar.ml/IMAGES/fashion_634.jpg,"['Romantic', 'Elegant', '90s']","['Brown', 'Brown']",Female,22
632,https://shop.iskandar.ml/IMAGES/fashion_635.jpg,"['Elegant', 'Casual', 'Romantic']","['Grey', 'White']",Female,25
633,https://shop.iskandar.ml/IMAGES/fashion_636.jpg,"['90s', 'Outdoor', 'Romantic']","['Grey', 'Grey', 'Brown']",Female,Unknown
634,https://shop.iskandar.ml/IMAGES/fashion_637.jpg,"['Eclectic', 'Casual', 'Vintage']","['Black', 'Black', 'Grey']",Female,Unknown
635,https://shop.iskandar.ml/IMAGES/fashion_638.jpg,['Unknown'],['Unknown'],Female,Unknown
636,https://shop.iskandar.ml/IMAGES/fashion_639.jpg,"['Sexy', 'Business', '90s']","['Brown', 'Brown']",Female,20
637,https://shop.iskandar.ml/IMAGES/fashion_640.jpg,"['Romantic', 'Elegant', 'Vintage']","['White', 'Grey', 'Grey']",Female,23
638,https://shop.iskandar.ml/IMAGES/fashion_641.jpg,"['Romantic', 'Casual', 'Vintage']","['White', 'White']",Female,Unknown
639,https://shop.iskandar.ml/IMAGES/fashion_642.jpg,['Unknown'],['Unknown'],Female,Unknown
640,https://shop.iskandar.ml/IMAGES/fashion_643.jpg,"['Casual', 'Outdoor', 'Bohemian']","['Grey', 'Grey']",Female,Unknown
641,https://shop.iskandar.ml/IMAGES/fashion_644.jpg,"['Elegant', 'Vintage', 'Romantic']","['Grey', 'Grey', 'Grey']",Female,15
642,https://shop.iskandar.ml/IMAGES/fashion_645.jpg,"['Denim', 'Vintage', 'Casual']","['Grey', 'Grey', 'White']",Female,Unknown
643,https://shop.iskandar.ml/IMAGES/fashion_646.jpg,"['Sexy', 'Elegant', '90s']","['Black', 'White', 'Brown', 'Grey']",Female,Unknown
644,https://shop.iskandar.ml/IMAGES/fashion_647.jpg,"['Business', 'Vintage', 'Elegant']","['Brown', 'White', 'White']",Female,Unknown
645,https://shop.iskandar.ml/IMAGES/fashion_648.jpg,"['90s', 'Rocker', 'Eclectic']","['Brown', 'Grey', 'White']",Female,Unknown
646,https://shop.iskandar.ml/IMAGES/fashion_649.jpg,"['90s', 'Sexy', 'Eclectic']","['Black', 'Black']",Female,Unknown
647,https://shop.iskandar.ml/IMAGES/fashion_650.jpg,"['Bohemian', 'Elegant', 'Vintage']","['White', 'Grey', 'White']",Female,Unknown
648,https://shop.iskandar.ml/IMAGES/fashion_651.jpg,"['90s', 'Outdoor', 'Denim']","['Black', 'Brown', 'Grey']",Female,Unknown
649,https://shop.iskandar.ml/IMAGES/fashion_652.jpg,"['Romantic', 'Elegant', 'Bohemian']","['Brown', 'White', 'Black', 'White']",Female,21
650,https://shop.iskandar.ml/IMAGES/fashion_653.jpg,"['Business', 'Romantic', 'Elegant']","['Brown', 'Grey', 'Brown']",Female,16
651,https://shop.iskandar.ml/IMAGES/fashion_654.jpg,"['Sexy', 'Casual', 'Rocker']","['Brown', 'Brown', 'Black']",Female,21
652,https://shop.iskandar.ml/IMAGES/fashion_655.jpg,"['Elegant', 'Romantic', 'Vintage']","['White', 'Red', 'Red']",Female,15
653,https://shop.iskandar.ml/IMAGES/fashion_656.jpg,"['Elegant', '90s', 'Business']","['Grey', 'White', 'Grey', 'Brown']",Female,32
654,https://shop.iskandar.ml/IMAGES/fashion_657.jpg,"['Outdoor', '90s', 'Casual']","['Grey', 'Black', 'Brown']",Female,19
655,https://shop.iskandar.ml/IMAGES/fashion_658.jpg,"['Business', 'Denim', 'Romantic']","['White', 'Brown', 'White']",Female,21
656,https://shop.iskandar.ml/IMAGES/fashion_659.jpg,"['Business', 'Elegant', 'Casual']","['White', 'Black', 'Grey']",Female,28
657,https://shop.iskandar.ml/IMAGES/fashion_660.jpg,"['Business', 'Elegant', 'Casual']","['Magenta', 'Red']",Female,32
658,https://shop.iskandar.ml/IMAGES/fashion_661.jpg,"['90s', 'Denim', 'Outdoor']","['White', 'Brown']",Female,10
659,https://shop.iskandar.ml/IMAGES/fashion_662.jpg,"['90s', 'Business', 'Elegant']","['White', 'White']",Female,28
660,https://shop.iskandar.ml/IMAGES/fashion_663.jpg,"['Business', 'Elegant', '90s']","['Grey', 'Black']",Female,32
661,https://shop.iskandar.ml/IMAGES/fashion_664.jpg,['Unknown'],['Unknown'],Female,Unknown
662,https://shop.iskandar.ml/IMAGES/fashion_665.jpg,"['90s', 'Elegant', 'Business']","['Grey', 'White']",Female,Unknown
663,https://shop.iskandar.ml/IMAGES/fashion_666.jpg,"['90s', 'Denim', 'Vintage']","['White', 'Grey']",Female,20
664,https://shop.iskandar.ml/IMAGES/fashion_667.jpg,"['Vintage', 'Bohemian', 'Romantic']","['White', 'Blue']",Female,Unknown
665,https://shop.iskandar.ml/IMAGES/fashion_668.jpg,"['Romantic', 'Elegant', 'Vintage']","['Grey', 'White', 'Grey', 'Brown']",Female,20
666,https://shop.iskandar.ml/IMAGES/fashion_669.jpg,"['Business', 'Casual', 'Elegant']","['Grey', 'Brown']",Female,23
667,https://shop.iskandar.ml/IMAGES/fashion_670.jpg,"['Elegant', 'Outdoor', 'Sexy']","['Brown', 'Black', 'Brown']",Female,17
668,https://shop.iskandar.ml/IMAGES/fashion_671.jpg,"['Business', 'Denim', 'Eclectic']","['White', 'White']",Female,18
669,https://shop.iskandar.ml/IMAGES/fashion_672.jpg,"['Business', '90s', 'Elegant']","['Black', 'Black', 'Grey']",Female,19
670,https://shop.iskandar.ml/IMAGES/fashion_673.jpg,"['Bohemian', 'Elegant', 'Outdoor']","['Brown', 'Red', 'Red']",Female,Unknown
671,https://shop.iskandar.ml/IMAGES/fashion_674.jpg,"['90s', 'Rocker', 'Eclectic']","['Grey', 'Black']",Female,20
672,https://shop.iskandar.ml/IMAGES/fashion_675.jpg,"['Sexy', 'Elegant', 'Outdoor']","['White', 'Black', 'Grey']",Female,Unknown
673,https://shop.iskandar.ml/IMAGES/fashion_676.jpg,['Unknown'],['Unknown'],Female,Unknown
674,https://shop.iskandar.ml/IMAGES/fashion_677.jpg,"['Outdoor', 'Vintage', 'Bohemian']","['Grey', 'Brown', 'Red', 'Black']",Female,27
675,https://shop.iskandar.ml/IMAGES/fashion_678.jpg,"['Elegant', 'Romantic', 'Vintage']","['White', 'White']",Female,
676,https://shop.iskandar.ml/IMAGES/fashion_679.jpg,"['Denim', 'Sexy', 'Business']","['Grey', 'Blue', 'Grey']",Female,31
677,https://shop.iskandar.ml/IMAGES/fashion_680.jpg,['Unknown'],['Unknown'],Female,21
678,https://shop.iskandar.ml/IMAGES/fashion_681.jpg,"['Business', 'Romantic', 'Denim']","['Brown', 'Grey', 'Brown']",Female,Unknown
679,https://shop.iskandar.ml/IMAGES/fashion_682.jpg,"['Denim', 'Vintage', 'Outdoor']","['Grey', 'White', 'Brown']",Female,Unknown
680,https://shop.iskandar.ml/IMAGES/fashion_683.jpg,"['Sexy', 'Business', 'Elegant']","['Grey', 'Black', 'White']",Female,Unknown
681,https://shop.iskandar.ml/IMAGES/fashion_684.jpg,"['90s', 'Eclectic', 'Denim']","['Brown', 'White', 'Blue']",Female,16
682,https://shop.iskandar.ml/IMAGES/fashion_685.jpg,"['Sexy', 'Business', 'Elegant']","['Black', 'Grey', 'Brown']",Female,19
683,https://shop.iskandar.ml/IMAGES/fashion_686.jpg,"['Romantic', 'Elegant', 'Business']","['Brown', 'White', 'Grey']",Female,27
684,https://shop.iskandar.ml/IMAGES/fashion_687.jpg,"['Casual', 'Elegant', 'Sexy']","['Grey', 'Black', 'Brown', 'Black']",Female,16
685,https://shop.iskandar.ml/IMAGES/fashion_688.jpg,"['Eclectic', 'Vintage', '90s']","['Grey', 'Brown', 'Grey']",Female,Unknown
686,https://shop.iskandar.ml/IMAGES/fashion_689.jpg,"['90s', 'Sexy', 'Rocker']","['Grey', 'Black', 'Brown']",Female,28
687,https://shop.iskandar.ml/IMAGES/fashion_690.jpg,"['Romantic', 'Vintage', '90s']","['White', 'Brown', 'Grey']",Female,22
688,https://shop.iskandar.ml/IMAGES/fashion_691.jpg,"['Casual', 'Vintage', 'Bohemian']","['Black', 'Black']",Female,29
689,https://shop.iskandar.ml/IMAGES/fashion_692.jpg,"['90s', 'Outdoor', 'Sexy']","['Blue', 'Grey', 'White']",Female,31
690,https://shop.iskandar.ml/IMAGES/fashion_693.jpg,"['Business', 'Elegant', 'Casual']","['Black', 'Red']",Female,15
691,https://shop.iskandar.ml/IMAGES/fashion_694.jpg,"['90s', 'Elegant', 'Business']",['Black'],Female,26
692,https://shop.iskandar.ml/IMAGES/fashion_695.jpg,"['Bohemian', 'Romantic', 'Denim']","['Brown', 'Brown', 'Grey']",Female,Unknown
693,https://shop.iskandar.ml/IMAGES/fashion_696.jpg,"['Vintage', 'Elegant', 'Romantic']","['White', 'Brown', 'Brown']",Female,14
694,https://shop.iskandar.ml/IMAGES/fashion_697.jpg,"['Vintage', 'Outdoor', 'Romantic']","['Brown', 'White', 'White']",Female,13
695,https://shop.iskandar.ml/IMAGES/fashion_698.jpg,"['Outdoor', 'Vintage', 'Casual']","['Blue', 'Brown', 'Grey']",Female,23
696,https://shop.iskandar.ml/IMAGES/fashion_699.jpg,"['90s', 'Bohemian', 'Casual']","['Blue', 'Blue', 'Grey']",Female,Unknown
697,https://shop.iskandar.ml/IMAGES/fashion_700.jpg,['Unknown'],['Unknown'],Female,23
698,https://shop.iskandar.ml/IMAGES/fashion_701.jpg,"['Bohemian', 'Sexy', 'Eclectic']","['Black', 'Black', 'Grey', 'Brown']",Female,18
699,https://shop.iskandar.ml/IMAGES/fashion_702.jpg,"['Elegant', 'Bohemian', 'Romantic']","['Grey', 'Black', 'Black', 'Black']",Female,Unknown
700,https://shop.iskandar.ml/IMAGES/fashion_703.jpg,"['90s', 'Outdoor', 'Eclectic']","['White', 'White', 'Green']",Female,Unknown
701,https://shop.iskandar.ml/IMAGES/fashion_704.jpg,"['90s', 'Rocker', 'Outdoor']","['Brown', 'White', 'Grey']",Female,21
702,https://shop.iskandar.ml/IMAGES/fashion_705.jpg,"['Business', 'Elegant', 'Casual']","['Grey', 'Blue', 'Grey']",Female,23
703,https://shop.iskandar.ml/IMAGES/fashion_706.jpg,"['Romantic', 'Business', 'Elegant']","['Grey', 'Black', 'Grey', 'White', 'Brown']",Female,20
704,https://shop.iskandar.ml/IMAGES/fashion_707.jpg,"['Bohemian', 'Business', 'Vintage']","['Brown', 'Brown', 'White']",Female,35
705,https://shop.iskandar.ml/IMAGES/fashion_708.jpg,"['Outdoor', '90s', 'Casual']","['Black', 'Grey', 'Black']",Female,30
706,https://shop.iskandar.ml/IMAGES/fashion_709.jpg,"['Vintage', '90s', 'Outdoor']","['Black', 'Grey', 'Grey']",Female,23
